-- phpMyAdmin SQL Dump
-- version 4.8.0.1
-- https://www.phpmyadmin.net/
--
-- Servidor: 127.0.0.1
-- Tiempo de generación: 24-07-2018 a las 17:02:51
-- Versión del servidor: 10.1.32-MariaDB
-- Versión de PHP: 5.6.36

SET SQL_MODE = "NO_AUTO_VALUE_ON_ZERO";
SET AUTOCOMMIT = 0;
START TRANSACTION;
SET time_zone = "+00:00";


/*!40101 SET @OLD_CHARACTER_SET_CLIENT=@@CHARACTER_SET_CLIENT */;
/*!40101 SET @OLD_CHARACTER_SET_RESULTS=@@CHARACTER_SET_RESULTS */;
/*!40101 SET @OLD_COLLATION_CONNECTION=@@COLLATION_CONNECTION */;
/*!40101 SET NAMES utf8mb4 */;

--
-- Base de datos: `bd_app_docentes`
--

-- --------------------------------------------------------

--
-- Estructura de tabla para la tabla `control_prestamo`
--

CREATE TABLE `control_prestamo` (
  `id_control_prestamo` int(11) NOT NULL,
  `id_reserva` int(12) NOT NULL,
  `hora_entrada` time NOT NULL,
  `hora_salida` time DEFAULT NULL,
  `observacion` text COLLATE utf8_spanish_ci,
  `id_persona_encargada_e` int(12) NOT NULL,
  `id_persona_encargada_s` int(12) DEFAULT NULL
) ENGINE=InnoDB DEFAULT CHARSET=utf8 COLLATE=utf8_spanish_ci;

--
-- Volcado de datos para la tabla `control_prestamo`
--

INSERT INTO `control_prestamo` (`id_control_prestamo`, `id_reserva`, `hora_entrada`, `hora_salida`, `observacion`, `id_persona_encargada_e`, `id_persona_encargada_s`) VALUES
(19, 9, '08:36:16', '08:39:52', 'NINGUNA', 1012, 1012),
(20, 10, '09:08:29', '09:45:26', 'NINGUNA', 1012, 1012);

--
-- Disparadores `control_prestamo`
--
DELIMITER $$
CREATE TRIGGER `validacionInsertPrestamo` BEFORE INSERT ON `control_prestamo` FOR EACH ROW BEGIN

 IF (SELECT Count(*) FROM control_prestamo WHERE id_reserva=NEW.id_reserva)>0
THEN

  SET @mesage= concat('el prestamo ya ha sido registrado ','');
 SIGNAL SQLSTATE '45000'
 
  SET MESSAGE_TEXT = @mesage;
  
 ELSE 
 
 SET NEW.observacion = UPPER(NEW.observacion);
  
END IF;



END
$$
DELIMITER ;

-- --------------------------------------------------------

--
-- Estructura de tabla para la tabla `disponibilidad_laboratorio`
--

CREATE TABLE `disponibilidad_laboratorio` (
  `id_disponibilidad` int(11) NOT NULL,
  `fecha` date NOT NULL,
  `bloque_ini` time NOT NULL,
  `bloque_fin` time DEFAULT NULL,
  `id_laboratorio` int(12) NOT NULL,
  `estado` varchar(10) COLLATE utf8_spanish_ci NOT NULL DEFAULT 'ACTIVO'
) ENGINE=InnoDB DEFAULT CHARSET=utf8 COLLATE=utf8_spanish_ci;

--
-- Volcado de datos para la tabla `disponibilidad_laboratorio`
--

INSERT INTO `disponibilidad_laboratorio` (`id_disponibilidad`, `fecha`, `bloque_ini`, `bloque_fin`, `id_laboratorio`, `estado`) VALUES
(55, '2018-07-11', '08:00:00', '10:00:00', 1, 'INACTIVO'),
(3445, '2018-07-23', '07:00:00', '09:00:00', 1, 'ACTIVO'),
(3446, '2018-07-23', '09:00:00', '11:00:00', 1, 'ACTIVO'),
(3447, '2018-07-23', '11:00:00', '13:00:00', 1, 'ACTIVO'),
(3448, '2018-07-23', '14:00:00', '16:00:00', 1, 'ACTIVO'),
(3449, '2018-07-23', '16:00:00', '18:00:00', 1, 'ACTIVO'),
(3450, '2018-07-23', '18:00:00', '20:00:00', 1, 'ACTIVO'),
(3451, '2018-07-23', '20:00:00', '22:00:00', 1, 'ACTIVO'),
(3452, '2018-07-24', '07:00:00', '09:00:00', 1, 'ACTIVO'),
(3453, '2018-07-24', '09:00:00', '11:00:00', 1, 'ACTIVO'),
(3454, '2018-07-24', '11:00:00', '13:00:00', 1, 'ACTIVO'),
(3455, '2018-07-24', '14:00:00', '16:00:00', 1, 'ACTIVO'),
(3456, '2018-07-24', '16:00:00', '18:00:00', 1, 'ACTIVO'),
(3457, '2018-07-24', '18:00:00', '20:00:00', 1, 'ACTIVO'),
(3458, '2018-07-24', '20:00:00', '22:00:00', 1, 'ACTIVO'),
(3459, '2018-07-25', '07:00:00', '09:00:00', 1, 'ACTIVO'),
(3460, '2018-07-25', '09:00:00', '11:00:00', 1, 'ACTIVO'),
(3461, '2018-07-25', '11:00:00', '13:00:00', 1, 'ACTIVO'),
(3462, '2018-07-25', '14:00:00', '16:00:00', 1, 'ACTIVO'),
(3463, '2018-07-25', '16:00:00', '18:00:00', 1, 'ACTIVO'),
(3464, '2018-07-25', '18:00:00', '20:00:00', 1, 'ACTIVO'),
(3465, '2018-07-25', '20:00:00', '22:00:00', 1, 'ACTIVO'),
(3466, '2018-07-26', '07:00:00', '09:00:00', 1, 'ACTIVO'),
(3467, '2018-07-26', '09:00:00', '11:00:00', 1, 'ACTIVO'),
(3468, '2018-07-27', '07:00:00', '09:00:00', 1, 'ACTIVO'),
(3469, '2018-07-27', '09:00:00', '11:00:00', 1, 'ACTIVO'),
(3470, '2018-07-27', '11:00:00', '13:00:00', 1, 'ACTIVO'),
(3471, '2018-07-27', '14:00:00', '16:00:00', 1, 'ACTIVO'),
(3472, '2018-07-27', '16:00:00', '18:00:00', 1, 'ACTIVO'),
(3473, '2018-07-27', '18:00:00', '20:00:00', 1, 'ACTIVO'),
(3474, '2018-07-27', '20:00:00', '22:00:00', 1, 'ACTIVO'),
(3475, '2018-07-28', '07:00:00', '09:00:00', 1, 'ACTIVO'),
(3476, '2018-07-28', '09:00:00', '11:00:00', 1, 'ACTIVO'),
(3477, '2018-07-28', '11:00:00', '13:00:00', 1, 'ACTIVO'),
(3478, '2018-07-28', '14:00:00', '16:00:00', 1, 'ACTIVO'),
(3479, '2018-07-28', '16:00:00', '18:00:00', 1, 'ACTIVO'),
(3480, '2018-07-28', '18:00:00', '20:00:00', 1, 'ACTIVO'),
(3481, '2018-07-28', '20:00:00', '22:00:00', 1, 'ACTIVO'),
(3482, '2018-07-29', '07:00:00', '09:00:00', 1, 'ACTIVO'),
(3483, '2018-07-29', '09:00:00', '11:00:00', 1, 'ACTIVO'),
(3484, '2018-07-29', '11:00:00', '13:00:00', 1, 'ACTIVO'),
(3485, '2018-07-29', '14:00:00', '16:00:00', 1, 'ACTIVO'),
(3486, '2018-07-29', '16:00:00', '18:00:00', 1, 'ACTIVO'),
(3487, '2018-07-29', '18:00:00', '20:00:00', 1, 'ACTIVO'),
(3488, '2018-07-29', '20:00:00', '22:00:00', 1, 'ACTIVO'),
(3489, '2018-07-30', '07:00:00', '09:00:00', 1, 'ACTIVO'),
(3490, '2018-07-30', '09:00:00', '11:00:00', 1, 'ACTIVO'),
(3491, '2018-07-30', '11:00:00', '13:00:00', 1, 'ACTIVO'),
(3492, '2018-07-30', '14:00:00', '16:00:00', 1, 'ACTIVO'),
(3493, '2018-07-30', '16:00:00', '18:00:00', 1, 'ACTIVO'),
(3494, '2018-07-30', '18:00:00', '20:00:00', 1, 'ACTIVO'),
(3495, '2018-07-30', '20:00:00', '22:00:00', 1, 'ACTIVO'),
(3496, '2018-07-31', '07:00:00', '09:00:00', 1, 'ACTIVO'),
(3497, '2018-07-31', '09:00:00', '11:00:00', 1, 'ACTIVO'),
(3498, '2018-07-31', '11:00:00', '13:00:00', 1, 'ACTIVO'),
(3499, '2018-07-31', '14:00:00', '16:00:00', 1, 'ACTIVO'),
(3500, '2018-07-31', '16:00:00', '18:00:00', 1, 'ACTIVO'),
(3501, '2018-07-31', '18:00:00', '20:00:00', 1, 'ACTIVO'),
(3502, '2018-07-31', '20:00:00', '22:00:00', 1, 'ACTIVO'),
(3503, '2018-08-01', '09:00:00', '11:00:00', 1, 'ACTIVO'),
(3504, '2018-08-01', '11:00:00', '13:00:00', 1, 'ACTIVO'),
(3505, '2018-08-01', '14:00:00', '16:00:00', 1, 'ACTIVO'),
(3506, '2018-08-01', '16:00:00', '18:00:00', 1, 'ACTIVO'),
(3507, '2018-08-01', '18:00:00', '20:00:00', 1, 'ACTIVO'),
(3508, '2018-08-01', '20:00:00', '22:00:00', 1, 'ACTIVO'),
(3509, '2018-08-02', '07:00:00', '09:00:00', 1, 'ACTIVO'),
(3510, '2018-08-02', '09:00:00', '11:00:00', 1, 'ACTIVO'),
(3511, '2018-08-02', '11:00:00', '13:00:00', 1, 'ACTIVO'),
(3512, '2018-08-02', '14:00:00', '16:00:00', 1, 'ACTIVO'),
(3513, '2018-08-02', '16:00:00', '18:00:00', 1, 'ACTIVO'),
(3514, '2018-08-02', '18:00:00', '20:00:00', 1, 'ACTIVO'),
(3515, '2018-08-02', '20:00:00', '22:00:00', 1, 'ACTIVO'),
(3516, '2018-08-03', '07:00:00', '09:00:00', 1, 'ACTIVO'),
(3517, '2018-08-03', '09:00:00', '11:00:00', 1, 'ACTIVO'),
(3518, '2018-08-03', '11:00:00', '13:00:00', 1, 'ACTIVO'),
(3519, '2018-08-03', '14:00:00', '16:00:00', 1, 'ACTIVO'),
(3520, '2018-08-03', '16:00:00', '18:00:00', 1, 'ACTIVO'),
(3521, '2018-08-03', '18:00:00', '20:00:00', 1, 'ACTIVO'),
(3522, '2018-08-03', '20:00:00', '22:00:00', 1, 'ACTIVO'),
(3523, '2018-08-04', '07:00:00', '09:00:00', 1, 'ACTIVO'),
(3524, '2018-08-04', '09:00:00', '11:00:00', 1, 'ACTIVO'),
(3525, '2018-08-04', '11:00:00', '13:00:00', 1, 'ACTIVO'),
(3526, '2018-08-04', '14:00:00', '16:00:00', 1, 'ACTIVO'),
(3527, '2018-08-04', '16:00:00', '18:00:00', 1, 'ACTIVO'),
(3528, '2018-08-04', '18:00:00', '20:00:00', 1, 'ACTIVO'),
(3529, '2018-08-04', '20:00:00', '22:00:00', 1, 'ACTIVO'),
(3530, '2018-08-05', '07:00:00', '09:00:00', 1, 'ACTIVO'),
(3531, '2018-08-05', '09:00:00', '11:00:00', 1, 'ACTIVO'),
(3532, '2018-08-05', '11:00:00', '13:00:00', 1, 'ACTIVO'),
(3533, '2018-08-05', '14:00:00', '16:00:00', 1, 'ACTIVO'),
(3534, '2018-08-05', '16:00:00', '18:00:00', 1, 'ACTIVO'),
(3535, '2018-08-05', '18:00:00', '20:00:00', 1, 'ACTIVO'),
(3536, '2018-08-05', '20:00:00', '22:00:00', 1, 'ACTIVO'),
(3537, '2018-08-06', '07:00:00', '09:00:00', 1, 'ACTIVO'),
(3538, '2018-08-06', '09:00:00', '11:00:00', 1, 'ACTIVO'),
(3539, '2018-08-06', '11:00:00', '13:00:00', 1, 'ACTIVO'),
(3540, '2018-08-06', '14:00:00', '16:00:00', 1, 'ACTIVO'),
(3541, '2018-08-06', '16:00:00', '18:00:00', 1, 'ACTIVO'),
(3542, '2018-08-06', '18:00:00', '20:00:00', 1, 'ACTIVO'),
(3543, '2018-08-06', '20:00:00', '22:00:00', 1, 'ACTIVO'),
(3544, '2018-08-07', '07:00:00', '09:00:00', 1, 'ACTIVO'),
(3545, '2018-08-07', '09:00:00', '11:00:00', 1, 'ACTIVO'),
(3546, '2018-08-07', '11:00:00', '13:00:00', 1, 'ACTIVO'),
(3547, '2018-08-07', '14:00:00', '16:00:00', 1, 'ACTIVO'),
(3548, '2018-08-07', '16:00:00', '18:00:00', 1, 'ACTIVO'),
(3549, '2018-08-07', '18:00:00', '20:00:00', 1, 'ACTIVO'),
(3550, '2018-08-07', '20:00:00', '22:00:00', 1, 'ACTIVO'),
(3551, '2018-08-08', '07:00:00', '09:00:00', 1, 'ACTIVO'),
(3552, '2018-08-08', '09:00:00', '11:00:00', 1, 'ACTIVO'),
(3553, '2018-08-08', '11:00:00', '13:00:00', 1, 'ACTIVO'),
(3554, '2018-08-08', '14:00:00', '16:00:00', 1, 'ACTIVO'),
(3555, '2018-08-08', '16:00:00', '18:00:00', 1, 'ACTIVO'),
(3556, '2018-08-08', '18:00:00', '20:00:00', 1, 'ACTIVO'),
(3557, '2018-08-08', '20:00:00', '22:00:00', 1, 'ACTIVO'),
(3558, '2018-08-09', '07:00:00', '09:00:00', 1, 'ACTIVO'),
(3559, '2018-08-09', '09:00:00', '11:00:00', 1, 'ACTIVO'),
(3560, '2018-08-09', '11:00:00', '13:00:00', 1, 'ACTIVO'),
(3561, '2018-08-09', '14:00:00', '16:00:00', 1, 'ACTIVO'),
(3562, '2018-08-09', '16:00:00', '18:00:00', 1, 'ACTIVO'),
(3563, '2018-08-09', '18:00:00', '20:00:00', 1, 'ACTIVO'),
(3564, '2018-08-09', '20:00:00', '22:00:00', 1, 'ACTIVO'),
(3565, '2018-08-10', '07:00:00', '09:00:00', 1, 'ACTIVO'),
(3566, '2018-08-10', '09:00:00', '11:00:00', 1, 'ACTIVO'),
(3567, '2018-08-10', '11:00:00', '13:00:00', 1, 'ACTIVO'),
(3568, '2018-08-10', '14:00:00', '16:00:00', 1, 'ACTIVO'),
(3569, '2018-08-10', '16:00:00', '18:00:00', 1, 'ACTIVO'),
(3570, '2018-08-10', '18:00:00', '20:00:00', 1, 'ACTIVO'),
(3571, '2018-08-10', '20:00:00', '22:00:00', 1, 'ACTIVO'),
(3572, '2018-08-11', '07:00:00', '09:00:00', 1, 'ACTIVO'),
(3573, '2018-08-11', '09:00:00', '11:00:00', 1, 'ACTIVO'),
(3574, '2018-08-11', '11:00:00', '13:00:00', 1, 'ACTIVO'),
(3575, '2018-08-11', '14:00:00', '16:00:00', 1, 'ACTIVO'),
(3576, '2018-08-11', '16:00:00', '18:00:00', 1, 'ACTIVO'),
(3577, '2018-08-11', '18:00:00', '20:00:00', 1, 'ACTIVO'),
(3578, '2018-08-11', '20:00:00', '22:00:00', 1, 'ACTIVO'),
(3579, '2018-08-12', '07:00:00', '09:00:00', 1, 'ACTIVO'),
(3580, '2018-08-12', '09:00:00', '11:00:00', 1, 'ACTIVO'),
(3581, '2018-08-12', '11:00:00', '13:00:00', 1, 'ACTIVO'),
(3582, '2018-08-12', '14:00:00', '16:00:00', 1, 'ACTIVO'),
(3583, '2018-08-12', '16:00:00', '18:00:00', 1, 'ACTIVO'),
(3584, '2018-08-12', '18:00:00', '20:00:00', 1, 'ACTIVO'),
(3585, '2018-08-12', '20:00:00', '22:00:00', 1, 'ACTIVO'),
(3586, '2018-08-13', '07:00:00', '09:00:00', 1, 'ACTIVO'),
(3587, '2018-08-13', '09:00:00', '11:00:00', 1, 'ACTIVO'),
(3588, '2018-08-13', '11:00:00', '13:00:00', 1, 'ACTIVO'),
(3589, '2018-08-13', '14:00:00', '16:00:00', 1, 'ACTIVO'),
(3590, '2018-08-13', '16:00:00', '18:00:00', 1, 'ACTIVO'),
(3591, '2018-08-13', '18:00:00', '20:00:00', 1, 'ACTIVO'),
(3592, '2018-08-13', '20:00:00', '22:00:00', 1, 'ACTIVO'),
(3593, '2018-08-14', '07:00:00', '09:00:00', 1, 'ACTIVO'),
(3594, '2018-08-14', '09:00:00', '11:00:00', 1, 'ACTIVO'),
(3595, '2018-08-14', '11:00:00', '13:00:00', 1, 'ACTIVO'),
(3596, '2018-08-14', '14:00:00', '16:00:00', 1, 'ACTIVO'),
(3597, '2018-08-14', '16:00:00', '18:00:00', 1, 'ACTIVO'),
(3598, '2018-08-14', '18:00:00', '20:00:00', 1, 'ACTIVO'),
(3599, '2018-08-14', '20:00:00', '22:00:00', 1, 'ACTIVO'),
(3600, '2018-08-15', '07:00:00', '09:00:00', 1, 'ACTIVO'),
(3601, '2018-08-15', '09:00:00', '11:00:00', 1, 'ACTIVO'),
(3602, '2018-08-15', '11:00:00', '13:00:00', 1, 'ACTIVO'),
(3603, '2018-08-15', '14:00:00', '16:00:00', 1, 'ACTIVO'),
(3604, '2018-08-15', '16:00:00', '18:00:00', 1, 'ACTIVO'),
(3605, '2018-08-15', '18:00:00', '20:00:00', 1, 'ACTIVO'),
(3606, '2018-08-15', '20:00:00', '22:00:00', 1, 'ACTIVO'),
(3607, '2018-08-16', '07:00:00', '09:00:00', 1, 'ACTIVO'),
(3608, '2018-08-16', '09:00:00', '11:00:00', 1, 'ACTIVO'),
(3609, '2018-08-16', '11:00:00', '13:00:00', 1, 'ACTIVO'),
(3610, '2018-08-16', '14:00:00', '16:00:00', 1, 'ACTIVO'),
(3611, '2018-08-16', '16:00:00', '18:00:00', 1, 'ACTIVO'),
(3612, '2018-08-16', '18:00:00', '20:00:00', 1, 'ACTIVO'),
(3613, '2018-08-16', '20:00:00', '22:00:00', 1, 'ACTIVO'),
(3614, '2018-08-17', '07:00:00', '09:00:00', 1, 'ACTIVO'),
(3615, '2018-08-17', '09:00:00', '11:00:00', 1, 'ACTIVO'),
(3616, '2018-08-17', '11:00:00', '13:00:00', 1, 'ACTIVO'),
(3617, '2018-08-17', '14:00:00', '16:00:00', 1, 'ACTIVO'),
(3618, '2018-08-17', '16:00:00', '18:00:00', 1, 'ACTIVO'),
(3619, '2018-08-17', '18:00:00', '20:00:00', 1, 'ACTIVO'),
(3620, '2018-08-17', '20:00:00', '22:00:00', 1, 'ACTIVO'),
(3621, '2018-08-18', '07:00:00', '09:00:00', 1, 'ACTIVO'),
(3622, '2018-08-18', '09:00:00', '11:00:00', 1, 'ACTIVO'),
(3623, '2018-08-18', '11:00:00', '13:00:00', 1, 'ACTIVO'),
(3624, '2018-08-18', '14:00:00', '16:00:00', 1, 'ACTIVO'),
(3625, '2018-08-18', '16:00:00', '18:00:00', 1, 'ACTIVO'),
(3626, '2018-08-18', '18:00:00', '20:00:00', 1, 'ACTIVO'),
(3627, '2018-08-18', '20:00:00', '22:00:00', 1, 'ACTIVO'),
(3628, '2018-08-19', '07:00:00', '09:00:00', 1, 'ACTIVO'),
(3629, '2018-08-19', '09:00:00', '11:00:00', 1, 'ACTIVO'),
(3630, '2018-08-19', '11:00:00', '13:00:00', 1, 'ACTIVO'),
(3631, '2018-08-19', '14:00:00', '16:00:00', 1, 'ACTIVO'),
(3632, '2018-08-19', '16:00:00', '18:00:00', 1, 'ACTIVO'),
(3633, '2018-08-19', '18:00:00', '20:00:00', 1, 'ACTIVO'),
(3634, '2018-08-19', '20:00:00', '22:00:00', 1, 'ACTIVO'),
(3635, '2018-08-20', '07:00:00', '09:00:00', 1, 'ACTIVO'),
(3636, '2018-08-20', '09:00:00', '11:00:00', 1, 'ACTIVO'),
(3637, '2018-08-20', '11:00:00', '13:00:00', 1, 'ACTIVO'),
(3638, '2018-08-20', '14:00:00', '16:00:00', 1, 'ACTIVO'),
(3639, '2018-08-20', '16:00:00', '18:00:00', 1, 'ACTIVO'),
(3640, '2018-08-20', '18:00:00', '20:00:00', 1, 'ACTIVO'),
(3641, '2018-08-20', '20:00:00', '22:00:00', 1, 'ACTIVO'),
(3642, '2018-08-21', '07:00:00', '09:00:00', 1, 'ACTIVO'),
(3643, '2018-08-21', '09:00:00', '11:00:00', 1, 'ACTIVO'),
(3644, '2018-08-21', '11:00:00', '13:00:00', 1, 'ACTIVO'),
(3645, '2018-08-21', '14:00:00', '16:00:00', 1, 'ACTIVO'),
(3646, '2018-08-21', '16:00:00', '18:00:00', 1, 'ACTIVO'),
(3647, '2018-08-21', '18:00:00', '20:00:00', 1, 'ACTIVO'),
(3648, '2018-08-21', '20:00:00', '22:00:00', 1, 'ACTIVO'),
(3649, '2018-08-22', '07:00:00', '09:00:00', 1, 'ACTIVO'),
(3650, '2018-08-22', '09:00:00', '11:00:00', 1, 'ACTIVO'),
(3651, '2018-08-22', '11:00:00', '13:00:00', 1, 'ACTIVO'),
(3652, '2018-08-22', '14:00:00', '16:00:00', 1, 'ACTIVO'),
(3653, '2018-08-22', '16:00:00', '18:00:00', 1, 'ACTIVO'),
(3654, '2018-08-22', '18:00:00', '20:00:00', 1, 'ACTIVO'),
(3655, '2018-08-22', '20:00:00', '22:00:00', 1, 'ACTIVO'),
(3656, '2018-08-23', '07:00:00', '09:00:00', 1, 'ACTIVO'),
(3657, '2018-08-23', '09:00:00', '11:00:00', 1, 'ACTIVO'),
(3658, '2018-08-23', '11:00:00', '13:00:00', 1, 'ACTIVO'),
(3659, '2018-08-23', '14:00:00', '16:00:00', 1, 'ACTIVO'),
(3660, '2018-08-23', '16:00:00', '18:00:00', 1, 'ACTIVO'),
(3661, '2018-08-23', '18:00:00', '20:00:00', 1, 'ACTIVO'),
(3662, '2018-08-23', '20:00:00', '22:00:00', 1, 'ACTIVO'),
(3663, '2018-08-24', '07:00:00', '09:00:00', 1, 'ACTIVO'),
(3664, '2018-08-24', '09:00:00', '11:00:00', 1, 'ACTIVO'),
(3665, '2018-08-24', '11:00:00', '13:00:00', 1, 'ACTIVO'),
(3666, '2018-08-24', '14:00:00', '16:00:00', 1, 'ACTIVO'),
(3667, '2018-08-24', '16:00:00', '18:00:00', 1, 'ACTIVO'),
(3668, '2018-08-24', '18:00:00', '20:00:00', 1, 'ACTIVO'),
(3669, '2018-08-24', '20:00:00', '22:00:00', 1, 'ACTIVO'),
(3670, '2018-08-25', '07:00:00', '09:00:00', 1, 'ACTIVO'),
(3671, '2018-08-25', '09:00:00', '11:00:00', 1, 'ACTIVO'),
(3672, '2018-08-25', '11:00:00', '13:00:00', 1, 'ACTIVO'),
(3673, '2018-08-25', '14:00:00', '16:00:00', 1, 'ACTIVO'),
(3674, '2018-08-25', '16:00:00', '18:00:00', 1, 'ACTIVO'),
(3675, '2018-08-25', '18:00:00', '20:00:00', 1, 'ACTIVO'),
(3676, '2018-08-25', '20:00:00', '22:00:00', 1, 'ACTIVO'),
(3677, '2018-08-26', '07:00:00', '09:00:00', 1, 'ACTIVO'),
(3678, '2018-08-26', '09:00:00', '11:00:00', 1, 'ACTIVO'),
(3679, '2018-08-26', '11:00:00', '13:00:00', 1, 'ACTIVO'),
(3680, '2018-08-26', '14:00:00', '16:00:00', 1, 'ACTIVO'),
(3681, '2018-08-26', '16:00:00', '18:00:00', 1, 'ACTIVO'),
(3682, '2018-08-26', '18:00:00', '20:00:00', 1, 'ACTIVO'),
(3683, '2018-08-26', '20:00:00', '22:00:00', 1, 'ACTIVO'),
(3684, '2018-08-27', '07:00:00', '09:00:00', 1, 'ACTIVO'),
(3685, '2018-08-27', '09:00:00', '11:00:00', 1, 'ACTIVO'),
(3686, '2018-08-27', '11:00:00', '13:00:00', 1, 'ACTIVO'),
(3687, '2018-08-27', '14:00:00', '16:00:00', 1, 'ACTIVO'),
(3688, '2018-08-27', '16:00:00', '18:00:00', 1, 'ACTIVO'),
(3689, '2018-08-27', '18:00:00', '20:00:00', 1, 'ACTIVO'),
(3690, '2018-08-27', '20:00:00', '22:00:00', 1, 'ACTIVO'),
(3691, '2018-08-28', '07:00:00', '09:00:00', 1, 'ACTIVO'),
(3692, '2018-08-28', '09:00:00', '11:00:00', 1, 'ACTIVO'),
(3693, '2018-08-28', '11:00:00', '13:00:00', 1, 'ACTIVO'),
(3694, '2018-08-28', '14:00:00', '16:00:00', 1, 'ACTIVO'),
(3695, '2018-08-28', '16:00:00', '18:00:00', 1, 'ACTIVO'),
(3696, '2018-08-28', '18:00:00', '20:00:00', 1, 'ACTIVO'),
(3697, '2018-08-28', '20:00:00', '22:00:00', 1, 'ACTIVO'),
(3698, '2018-08-29', '07:00:00', '09:00:00', 1, 'ACTIVO'),
(3699, '2018-08-29', '09:00:00', '11:00:00', 1, 'ACTIVO'),
(3700, '2018-08-29', '11:00:00', '13:00:00', 1, 'ACTIVO'),
(3701, '2018-08-29', '14:00:00', '16:00:00', 1, 'ACTIVO'),
(3702, '2018-08-29', '16:00:00', '18:00:00', 1, 'ACTIVO'),
(3703, '2018-08-29', '18:00:00', '20:00:00', 1, 'ACTIVO'),
(3704, '2018-08-29', '20:00:00', '22:00:00', 1, 'ACTIVO'),
(3705, '2018-08-30', '07:00:00', '09:00:00', 1, 'ACTIVO'),
(3706, '2018-08-30', '09:00:00', '11:00:00', 1, 'ACTIVO'),
(3707, '2018-08-30', '11:00:00', '13:00:00', 1, 'ACTIVO'),
(3708, '2018-08-30', '14:00:00', '16:00:00', 1, 'ACTIVO'),
(3709, '2018-08-30', '16:00:00', '18:00:00', 1, 'ACTIVO'),
(3710, '2018-08-30', '18:00:00', '20:00:00', 1, 'ACTIVO'),
(3711, '2018-08-30', '20:00:00', '22:00:00', 1, 'ACTIVO'),
(3712, '2018-08-31', '07:00:00', '09:00:00', 1, 'ACTIVO'),
(3713, '2018-08-31', '09:00:00', '11:00:00', 1, 'ACTIVO'),
(3714, '2018-08-31', '11:00:00', '13:00:00', 1, 'ACTIVO'),
(3715, '2018-08-31', '14:00:00', '16:00:00', 1, 'ACTIVO'),
(3716, '2018-08-31', '16:00:00', '18:00:00', 1, 'ACTIVO'),
(3717, '2018-08-31', '18:00:00', '20:00:00', 1, 'ACTIVO'),
(3718, '2018-08-31', '20:00:00', '22:00:00', 1, 'ACTIVO'),
(3719, '2018-09-01', '07:00:00', '09:00:00', 1, 'ACTIVO'),
(3720, '2018-09-01', '09:00:00', '11:00:00', 1, 'ACTIVO'),
(3721, '2018-09-01', '11:00:00', '13:00:00', 1, 'ACTIVO'),
(3722, '2018-09-01', '14:00:00', '16:00:00', 1, 'ACTIVO'),
(3723, '2018-09-01', '16:00:00', '18:00:00', 1, 'ACTIVO'),
(3724, '2018-09-01', '18:00:00', '20:00:00', 1, 'ACTIVO'),
(3725, '2018-09-01', '20:00:00', '22:00:00', 1, 'ACTIVO'),
(3726, '2018-09-02', '07:00:00', '09:00:00', 1, 'ACTIVO'),
(3727, '2018-09-02', '09:00:00', '11:00:00', 1, 'ACTIVO'),
(3728, '2018-09-02', '11:00:00', '13:00:00', 1, 'ACTIVO'),
(3729, '2018-09-02', '14:00:00', '16:00:00', 1, 'ACTIVO'),
(3730, '2018-09-02', '16:00:00', '18:00:00', 1, 'ACTIVO'),
(3731, '2018-09-02', '18:00:00', '20:00:00', 1, 'ACTIVO'),
(3732, '2018-09-02', '20:00:00', '22:00:00', 1, 'ACTIVO'),
(3733, '2018-09-03', '07:00:00', '09:00:00', 1, 'ACTIVO'),
(3734, '2018-09-03', '09:00:00', '11:00:00', 1, 'ACTIVO'),
(3735, '2018-09-03', '11:00:00', '13:00:00', 1, 'ACTIVO'),
(3736, '2018-09-03', '14:00:00', '16:00:00', 1, 'ACTIVO'),
(3737, '2018-09-03', '16:00:00', '18:00:00', 1, 'ACTIVO'),
(3738, '2018-09-03', '18:00:00', '20:00:00', 1, 'ACTIVO'),
(3739, '2018-09-03', '20:00:00', '22:00:00', 1, 'ACTIVO'),
(3740, '2018-09-04', '07:00:00', '09:00:00', 1, 'ACTIVO'),
(3741, '2018-09-04', '09:00:00', '11:00:00', 1, 'ACTIVO'),
(3742, '2018-09-04', '11:00:00', '13:00:00', 1, 'ACTIVO'),
(3743, '2018-09-04', '14:00:00', '16:00:00', 1, 'ACTIVO'),
(3744, '2018-09-04', '16:00:00', '18:00:00', 1, 'ACTIVO'),
(3745, '2018-09-04', '18:00:00', '20:00:00', 1, 'ACTIVO'),
(3746, '2018-09-04', '20:00:00', '22:00:00', 1, 'ACTIVO'),
(3747, '2018-09-05', '07:00:00', '09:00:00', 1, 'ACTIVO'),
(3748, '2018-09-05', '09:00:00', '11:00:00', 1, 'ACTIVO'),
(3749, '2018-09-05', '11:00:00', '13:00:00', 1, 'ACTIVO'),
(3750, '2018-09-05', '14:00:00', '16:00:00', 1, 'ACTIVO'),
(3751, '2018-09-05', '16:00:00', '18:00:00', 1, 'ACTIVO'),
(3752, '2018-09-05', '18:00:00', '20:00:00', 1, 'ACTIVO'),
(3753, '2018-09-05', '20:00:00', '22:00:00', 1, 'ACTIVO'),
(3754, '2018-09-06', '07:00:00', '09:00:00', 1, 'ACTIVO'),
(3755, '2018-09-06', '09:00:00', '11:00:00', 1, 'ACTIVO'),
(3756, '2018-09-06', '11:00:00', '13:00:00', 1, 'ACTIVO'),
(3757, '2018-09-06', '14:00:00', '16:00:00', 1, 'ACTIVO'),
(3758, '2018-09-06', '16:00:00', '18:00:00', 1, 'ACTIVO'),
(3759, '2018-09-06', '18:00:00', '20:00:00', 1, 'ACTIVO'),
(3760, '2018-09-06', '20:00:00', '22:00:00', 1, 'ACTIVO'),
(3761, '2018-09-07', '07:00:00', '09:00:00', 1, 'ACTIVO'),
(3762, '2018-09-07', '09:00:00', '11:00:00', 1, 'ACTIVO'),
(3763, '2018-09-07', '11:00:00', '13:00:00', 1, 'ACTIVO'),
(3764, '2018-09-07', '14:00:00', '16:00:00', 1, 'ACTIVO'),
(3765, '2018-09-07', '16:00:00', '18:00:00', 1, 'ACTIVO'),
(3766, '2018-09-07', '18:00:00', '20:00:00', 1, 'ACTIVO'),
(3767, '2018-09-07', '20:00:00', '22:00:00', 1, 'ACTIVO'),
(3768, '2018-09-08', '07:00:00', '09:00:00', 1, 'ACTIVO'),
(3769, '2018-09-08', '09:00:00', '11:00:00', 1, 'ACTIVO'),
(3770, '2018-09-08', '11:00:00', '13:00:00', 1, 'ACTIVO'),
(3771, '2018-09-08', '14:00:00', '16:00:00', 1, 'ACTIVO'),
(3772, '2018-09-08', '16:00:00', '18:00:00', 1, 'ACTIVO'),
(3773, '2018-09-08', '18:00:00', '20:00:00', 1, 'ACTIVO'),
(3774, '2018-09-08', '20:00:00', '22:00:00', 1, 'ACTIVO'),
(3775, '2018-09-09', '07:00:00', '09:00:00', 1, 'ACTIVO'),
(3776, '2018-09-09', '09:00:00', '11:00:00', 1, 'ACTIVO'),
(3777, '2018-09-09', '11:00:00', '13:00:00', 1, 'ACTIVO'),
(3778, '2018-09-09', '14:00:00', '16:00:00', 1, 'ACTIVO'),
(3779, '2018-09-09', '16:00:00', '18:00:00', 1, 'ACTIVO'),
(3780, '2018-09-09', '18:00:00', '20:00:00', 1, 'ACTIVO'),
(3781, '2018-09-09', '20:00:00', '22:00:00', 1, 'ACTIVO'),
(3782, '2018-09-10', '07:00:00', '09:00:00', 1, 'ACTIVO'),
(3783, '2018-09-10', '09:00:00', '11:00:00', 1, 'ACTIVO'),
(3784, '2018-09-10', '11:00:00', '13:00:00', 1, 'ACTIVO'),
(3785, '2018-09-10', '14:00:00', '16:00:00', 1, 'ACTIVO'),
(3786, '2018-09-10', '16:00:00', '18:00:00', 1, 'ACTIVO'),
(3787, '2018-09-10', '18:00:00', '20:00:00', 1, 'ACTIVO'),
(3788, '2018-09-10', '20:00:00', '22:00:00', 1, 'ACTIVO'),
(3789, '2018-09-11', '07:00:00', '09:00:00', 1, 'ACTIVO'),
(3790, '2018-09-11', '09:00:00', '11:00:00', 1, 'ACTIVO'),
(3791, '2018-09-11', '11:00:00', '13:00:00', 1, 'ACTIVO'),
(3792, '2018-09-11', '14:00:00', '16:00:00', 1, 'ACTIVO'),
(3793, '2018-09-11', '16:00:00', '18:00:00', 1, 'ACTIVO'),
(3794, '2018-09-11', '18:00:00', '20:00:00', 1, 'ACTIVO'),
(3795, '2018-09-11', '20:00:00', '22:00:00', 1, 'ACTIVO'),
(3796, '2018-09-12', '07:00:00', '09:00:00', 1, 'ACTIVO'),
(3797, '2018-09-12', '09:00:00', '11:00:00', 1, 'ACTIVO'),
(3798, '2018-09-12', '11:00:00', '13:00:00', 1, 'ACTIVO'),
(3799, '2018-09-12', '14:00:00', '16:00:00', 1, 'ACTIVO'),
(3800, '2018-09-12', '16:00:00', '18:00:00', 1, 'ACTIVO'),
(3801, '2018-09-12', '18:00:00', '20:00:00', 1, 'ACTIVO'),
(3802, '2018-09-12', '20:00:00', '22:00:00', 1, 'ACTIVO'),
(3803, '2018-09-13', '07:00:00', '09:00:00', 1, 'ACTIVO'),
(3804, '2018-09-13', '09:00:00', '11:00:00', 1, 'ACTIVO'),
(3805, '2018-09-13', '11:00:00', '13:00:00', 1, 'ACTIVO'),
(3806, '2018-09-13', '14:00:00', '16:00:00', 1, 'ACTIVO'),
(3807, '2018-09-13', '16:00:00', '18:00:00', 1, 'ACTIVO'),
(3808, '2018-09-13', '18:00:00', '20:00:00', 1, 'ACTIVO'),
(3809, '2018-09-13', '20:00:00', '22:00:00', 1, 'ACTIVO'),
(3810, '2018-09-14', '07:00:00', '09:00:00', 1, 'ACTIVO'),
(3811, '2018-09-14', '09:00:00', '11:00:00', 1, 'ACTIVO'),
(3812, '2018-09-14', '11:00:00', '13:00:00', 1, 'ACTIVO'),
(3813, '2018-09-14', '14:00:00', '16:00:00', 1, 'ACTIVO'),
(3814, '2018-09-14', '16:00:00', '18:00:00', 1, 'ACTIVO'),
(3815, '2018-09-14', '18:00:00', '20:00:00', 1, 'ACTIVO'),
(3816, '2018-09-14', '20:00:00', '22:00:00', 1, 'ACTIVO'),
(3817, '2018-09-15', '07:00:00', '09:00:00', 1, 'ACTIVO'),
(3818, '2018-09-15', '09:00:00', '11:00:00', 1, 'ACTIVO'),
(3819, '2018-09-15', '11:00:00', '13:00:00', 1, 'ACTIVO'),
(3820, '2018-09-15', '14:00:00', '16:00:00', 1, 'ACTIVO'),
(3821, '2018-09-15', '16:00:00', '18:00:00', 1, 'ACTIVO'),
(3822, '2018-09-15', '18:00:00', '20:00:00', 1, 'ACTIVO'),
(3823, '2018-09-15', '20:00:00', '22:00:00', 1, 'ACTIVO'),
(3824, '2018-09-16', '07:00:00', '09:00:00', 1, 'ACTIVO'),
(3825, '2018-09-16', '09:00:00', '11:00:00', 1, 'ACTIVO'),
(3826, '2018-09-16', '11:00:00', '13:00:00', 1, 'ACTIVO'),
(3827, '2018-09-16', '14:00:00', '16:00:00', 1, 'ACTIVO'),
(3828, '2018-09-16', '16:00:00', '18:00:00', 1, 'ACTIVO'),
(3829, '2018-09-16', '18:00:00', '20:00:00', 1, 'ACTIVO'),
(3830, '2018-09-16', '20:00:00', '22:00:00', 1, 'ACTIVO'),
(3831, '2018-09-17', '07:00:00', '09:00:00', 1, 'ACTIVO'),
(3832, '2018-09-17', '09:00:00', '11:00:00', 1, 'ACTIVO'),
(3833, '2018-09-17', '11:00:00', '13:00:00', 1, 'ACTIVO'),
(3834, '2018-09-17', '14:00:00', '16:00:00', 1, 'ACTIVO'),
(3835, '2018-09-17', '16:00:00', '18:00:00', 1, 'ACTIVO'),
(3836, '2018-09-17', '18:00:00', '20:00:00', 1, 'ACTIVO'),
(3837, '2018-09-17', '20:00:00', '22:00:00', 1, 'ACTIVO'),
(3838, '2018-09-18', '07:00:00', '09:00:00', 1, 'ACTIVO'),
(3839, '2018-09-18', '09:00:00', '11:00:00', 1, 'ACTIVO'),
(3840, '2018-09-18', '11:00:00', '13:00:00', 1, 'ACTIVO'),
(3841, '2018-09-18', '14:00:00', '16:00:00', 1, 'ACTIVO'),
(3842, '2018-09-18', '16:00:00', '18:00:00', 1, 'ACTIVO'),
(3843, '2018-09-18', '18:00:00', '20:00:00', 1, 'ACTIVO'),
(3844, '2018-09-18', '20:00:00', '22:00:00', 1, 'ACTIVO'),
(3845, '2018-09-19', '07:00:00', '09:00:00', 1, 'ACTIVO'),
(3846, '2018-09-19', '09:00:00', '11:00:00', 1, 'ACTIVO'),
(3847, '2018-09-19', '11:00:00', '13:00:00', 1, 'ACTIVO'),
(3848, '2018-09-19', '14:00:00', '16:00:00', 1, 'ACTIVO'),
(3849, '2018-09-19', '16:00:00', '18:00:00', 1, 'ACTIVO'),
(3850, '2018-09-19', '18:00:00', '20:00:00', 1, 'ACTIVO'),
(3851, '2018-09-19', '20:00:00', '22:00:00', 1, 'ACTIVO'),
(3852, '2018-09-20', '07:00:00', '09:00:00', 1, 'ACTIVO'),
(3853, '2018-09-20', '09:00:00', '11:00:00', 1, 'ACTIVO'),
(3854, '2018-09-20', '11:00:00', '13:00:00', 1, 'ACTIVO'),
(3855, '2018-09-20', '14:00:00', '16:00:00', 1, 'ACTIVO'),
(3856, '2018-09-20', '16:00:00', '18:00:00', 1, 'ACTIVO'),
(3857, '2018-09-20', '18:00:00', '20:00:00', 1, 'ACTIVO'),
(3858, '2018-09-20', '20:00:00', '22:00:00', 1, 'ACTIVO'),
(3859, '2018-09-21', '07:00:00', '09:00:00', 1, 'ACTIVO'),
(3860, '2018-09-21', '09:00:00', '11:00:00', 1, 'ACTIVO'),
(3861, '2018-09-21', '11:00:00', '13:00:00', 1, 'ACTIVO'),
(3862, '2018-09-21', '14:00:00', '16:00:00', 1, 'ACTIVO'),
(3863, '2018-09-21', '16:00:00', '18:00:00', 1, 'ACTIVO'),
(3864, '2018-09-21', '18:00:00', '20:00:00', 1, 'ACTIVO'),
(3865, '2018-09-21', '20:00:00', '22:00:00', 1, 'ACTIVO'),
(3866, '2018-09-22', '07:00:00', '09:00:00', 1, 'ACTIVO'),
(3867, '2018-09-22', '09:00:00', '11:00:00', 1, 'ACTIVO'),
(3868, '2018-09-22', '11:00:00', '13:00:00', 1, 'ACTIVO'),
(3869, '2018-09-22', '14:00:00', '16:00:00', 1, 'ACTIVO'),
(3870, '2018-09-22', '16:00:00', '18:00:00', 1, 'ACTIVO'),
(3871, '2018-09-22', '18:00:00', '20:00:00', 1, 'ACTIVO'),
(3872, '2018-09-22', '20:00:00', '22:00:00', 1, 'ACTIVO'),
(3873, '2018-09-23', '07:00:00', '09:00:00', 1, 'ACTIVO'),
(3874, '2018-09-23', '09:00:00', '11:00:00', 1, 'ACTIVO'),
(3875, '2018-09-23', '11:00:00', '13:00:00', 1, 'ACTIVO'),
(3876, '2018-09-23', '14:00:00', '16:00:00', 1, 'ACTIVO'),
(3877, '2018-09-23', '16:00:00', '18:00:00', 1, 'ACTIVO'),
(3878, '2018-09-23', '18:00:00', '20:00:00', 1, 'ACTIVO'),
(3879, '2018-09-23', '20:00:00', '22:00:00', 1, 'ACTIVO'),
(3880, '2018-09-24', '07:00:00', '09:00:00', 1, 'ACTIVO'),
(3881, '2018-09-24', '09:00:00', '11:00:00', 1, 'ACTIVO'),
(3882, '2018-09-24', '11:00:00', '13:00:00', 1, 'ACTIVO'),
(3883, '2018-09-24', '14:00:00', '16:00:00', 1, 'ACTIVO'),
(3884, '2018-09-24', '16:00:00', '18:00:00', 1, 'ACTIVO'),
(3885, '2018-09-24', '18:00:00', '20:00:00', 1, 'ACTIVO'),
(3886, '2018-09-24', '20:00:00', '22:00:00', 1, 'ACTIVO'),
(3887, '2018-09-25', '07:00:00', '09:00:00', 1, 'ACTIVO'),
(3888, '2018-09-25', '09:00:00', '11:00:00', 1, 'ACTIVO'),
(3889, '2018-09-25', '11:00:00', '13:00:00', 1, 'ACTIVO'),
(3890, '2018-09-25', '14:00:00', '16:00:00', 1, 'ACTIVO'),
(3891, '2018-09-25', '16:00:00', '18:00:00', 1, 'ACTIVO'),
(3892, '2018-09-25', '18:00:00', '20:00:00', 1, 'ACTIVO'),
(3893, '2018-09-25', '20:00:00', '22:00:00', 1, 'ACTIVO'),
(3894, '2018-09-26', '07:00:00', '09:00:00', 1, 'ACTIVO'),
(3895, '2018-09-26', '09:00:00', '11:00:00', 1, 'ACTIVO'),
(3896, '2018-09-26', '11:00:00', '13:00:00', 1, 'ACTIVO'),
(3897, '2018-09-26', '14:00:00', '16:00:00', 1, 'ACTIVO'),
(3898, '2018-09-26', '16:00:00', '18:00:00', 1, 'ACTIVO'),
(3899, '2018-09-26', '18:00:00', '20:00:00', 1, 'ACTIVO'),
(3900, '2018-09-26', '20:00:00', '22:00:00', 1, 'ACTIVO'),
(3901, '2018-09-27', '07:00:00', '09:00:00', 1, 'ACTIVO'),
(3902, '2018-09-27', '09:00:00', '11:00:00', 1, 'ACTIVO'),
(3903, '2018-09-27', '11:00:00', '13:00:00', 1, 'ACTIVO'),
(3904, '2018-09-27', '14:00:00', '16:00:00', 1, 'ACTIVO'),
(3905, '2018-09-27', '16:00:00', '18:00:00', 1, 'ACTIVO'),
(3906, '2018-09-27', '18:00:00', '20:00:00', 1, 'ACTIVO'),
(3907, '2018-09-27', '20:00:00', '22:00:00', 1, 'ACTIVO'),
(3908, '2018-09-28', '07:00:00', '09:00:00', 1, 'ACTIVO'),
(3909, '2018-09-28', '09:00:00', '11:00:00', 1, 'ACTIVO'),
(3910, '2018-09-28', '11:00:00', '13:00:00', 1, 'ACTIVO'),
(3911, '2018-09-28', '14:00:00', '16:00:00', 1, 'ACTIVO'),
(3912, '2018-09-28', '16:00:00', '18:00:00', 1, 'ACTIVO'),
(3913, '2018-09-28', '18:00:00', '20:00:00', 1, 'ACTIVO'),
(3914, '2018-09-28', '20:00:00', '22:00:00', 1, 'ACTIVO'),
(3915, '2018-09-29', '07:00:00', '09:00:00', 1, 'ACTIVO'),
(3916, '2018-09-29', '09:00:00', '11:00:00', 1, 'ACTIVO'),
(3917, '2018-09-29', '11:00:00', '13:00:00', 1, 'ACTIVO'),
(3918, '2018-09-29', '14:00:00', '16:00:00', 1, 'ACTIVO'),
(3919, '2018-09-29', '16:00:00', '18:00:00', 1, 'ACTIVO'),
(3920, '2018-09-29', '18:00:00', '20:00:00', 1, 'ACTIVO'),
(3921, '2018-09-29', '20:00:00', '22:00:00', 1, 'ACTIVO'),
(3922, '2018-09-30', '07:00:00', '09:00:00', 1, 'ACTIVO'),
(3923, '2018-09-30', '09:00:00', '11:00:00', 1, 'ACTIVO'),
(3924, '2018-09-30', '11:00:00', '13:00:00', 1, 'ACTIVO'),
(3925, '2018-09-30', '14:00:00', '16:00:00', 1, 'ACTIVO'),
(3926, '2018-09-30', '16:00:00', '18:00:00', 1, 'ACTIVO'),
(3927, '2018-09-30', '18:00:00', '20:00:00', 1, 'ACTIVO'),
(3928, '2018-09-30', '20:00:00', '22:00:00', 1, 'ACTIVO'),
(3929, '2018-10-01', '07:00:00', '09:00:00', 1, 'ACTIVO'),
(3930, '2018-10-01', '09:00:00', '11:00:00', 1, 'ACTIVO'),
(3931, '2018-10-01', '11:00:00', '13:00:00', 1, 'ACTIVO'),
(3932, '2018-10-01', '14:00:00', '16:00:00', 1, 'ACTIVO'),
(3933, '2018-10-01', '16:00:00', '18:00:00', 1, 'ACTIVO'),
(3934, '2018-10-01', '18:00:00', '20:00:00', 1, 'ACTIVO'),
(3935, '2018-10-01', '20:00:00', '22:00:00', 1, 'ACTIVO'),
(3936, '2018-10-02', '07:00:00', '09:00:00', 1, 'ACTIVO'),
(3937, '2018-10-02', '09:00:00', '11:00:00', 1, 'ACTIVO'),
(3938, '2018-10-02', '11:00:00', '13:00:00', 1, 'ACTIVO'),
(3939, '2018-10-02', '14:00:00', '16:00:00', 1, 'ACTIVO'),
(3940, '2018-10-02', '16:00:00', '18:00:00', 1, 'ACTIVO'),
(3941, '2018-10-02', '18:00:00', '20:00:00', 1, 'ACTIVO'),
(3942, '2018-10-02', '20:00:00', '22:00:00', 1, 'ACTIVO'),
(3943, '2018-10-03', '07:00:00', '09:00:00', 1, 'ACTIVO'),
(3944, '2018-10-03', '09:00:00', '11:00:00', 1, 'ACTIVO'),
(3945, '2018-10-03', '11:00:00', '13:00:00', 1, 'ACTIVO'),
(3946, '2018-10-03', '14:00:00', '16:00:00', 1, 'ACTIVO'),
(3947, '2018-10-03', '16:00:00', '18:00:00', 1, 'ACTIVO'),
(3948, '2018-10-03', '18:00:00', '20:00:00', 1, 'ACTIVO'),
(3949, '2018-10-03', '20:00:00', '22:00:00', 1, 'ACTIVO'),
(3950, '2018-10-04', '07:00:00', '09:00:00', 1, 'ACTIVO'),
(3951, '2018-10-04', '09:00:00', '11:00:00', 1, 'ACTIVO'),
(3952, '2018-10-04', '11:00:00', '13:00:00', 1, 'ACTIVO'),
(3953, '2018-10-04', '14:00:00', '16:00:00', 1, 'ACTIVO'),
(3954, '2018-10-04', '16:00:00', '18:00:00', 1, 'ACTIVO'),
(3955, '2018-10-04', '18:00:00', '20:00:00', 1, 'ACTIVO'),
(3956, '2018-10-04', '20:00:00', '22:00:00', 1, 'ACTIVO'),
(3957, '2018-10-05', '07:00:00', '09:00:00', 1, 'ACTIVO'),
(3958, '2018-10-05', '09:00:00', '11:00:00', 1, 'ACTIVO'),
(3959, '2018-10-05', '11:00:00', '13:00:00', 1, 'ACTIVO'),
(3960, '2018-10-05', '14:00:00', '16:00:00', 1, 'ACTIVO'),
(3961, '2018-10-05', '16:00:00', '18:00:00', 1, 'ACTIVO'),
(3962, '2018-10-05', '18:00:00', '20:00:00', 1, 'ACTIVO'),
(3963, '2018-10-05', '20:00:00', '22:00:00', 1, 'ACTIVO'),
(3964, '2018-10-06', '07:00:00', '09:00:00', 1, 'ACTIVO'),
(3965, '2018-10-06', '09:00:00', '11:00:00', 1, 'ACTIVO'),
(3966, '2018-10-06', '11:00:00', '13:00:00', 1, 'ACTIVO'),
(3967, '2018-10-06', '14:00:00', '16:00:00', 1, 'ACTIVO'),
(3968, '2018-10-06', '16:00:00', '18:00:00', 1, 'ACTIVO'),
(3969, '2018-10-06', '18:00:00', '20:00:00', 1, 'ACTIVO'),
(3970, '2018-10-06', '20:00:00', '22:00:00', 1, 'ACTIVO'),
(3971, '2018-10-07', '07:00:00', '09:00:00', 1, 'ACTIVO'),
(3972, '2018-10-07', '09:00:00', '11:00:00', 1, 'ACTIVO'),
(3973, '2018-10-07', '11:00:00', '13:00:00', 1, 'ACTIVO'),
(3974, '2018-10-07', '14:00:00', '16:00:00', 1, 'ACTIVO'),
(3975, '2018-10-07', '16:00:00', '18:00:00', 1, 'ACTIVO'),
(3976, '2018-10-07', '18:00:00', '20:00:00', 1, 'ACTIVO'),
(3977, '2018-10-07', '20:00:00', '22:00:00', 1, 'ACTIVO'),
(3978, '2018-10-08', '07:00:00', '09:00:00', 1, 'ACTIVO'),
(3979, '2018-10-08', '09:00:00', '11:00:00', 1, 'ACTIVO'),
(3980, '2018-10-08', '11:00:00', '13:00:00', 1, 'ACTIVO'),
(3981, '2018-10-08', '14:00:00', '16:00:00', 1, 'ACTIVO'),
(3982, '2018-10-08', '16:00:00', '18:00:00', 1, 'ACTIVO'),
(3983, '2018-10-08', '18:00:00', '20:00:00', 1, 'ACTIVO'),
(3984, '2018-10-08', '20:00:00', '22:00:00', 1, 'ACTIVO'),
(3985, '2018-10-09', '07:00:00', '09:00:00', 1, 'ACTIVO'),
(3986, '2018-10-09', '09:00:00', '11:00:00', 1, 'ACTIVO'),
(3987, '2018-10-09', '11:00:00', '13:00:00', 1, 'ACTIVO'),
(3988, '2018-10-09', '14:00:00', '16:00:00', 1, 'ACTIVO'),
(3989, '2018-10-09', '16:00:00', '18:00:00', 1, 'ACTIVO'),
(3990, '2018-10-09', '18:00:00', '20:00:00', 1, 'ACTIVO'),
(3991, '2018-10-09', '20:00:00', '22:00:00', 1, 'ACTIVO'),
(3992, '2018-10-10', '07:00:00', '09:00:00', 1, 'ACTIVO'),
(3993, '2018-10-10', '09:00:00', '11:00:00', 1, 'ACTIVO'),
(3994, '2018-10-10', '11:00:00', '13:00:00', 1, 'ACTIVO'),
(3995, '2018-10-10', '14:00:00', '16:00:00', 1, 'ACTIVO'),
(3996, '2018-10-10', '16:00:00', '18:00:00', 1, 'ACTIVO'),
(3997, '2018-10-10', '18:00:00', '20:00:00', 1, 'ACTIVO'),
(3998, '2018-10-10', '20:00:00', '22:00:00', 1, 'ACTIVO'),
(3999, '2018-10-11', '07:00:00', '09:00:00', 1, 'ACTIVO'),
(4000, '2018-10-11', '09:00:00', '11:00:00', 1, 'ACTIVO'),
(4001, '2018-10-11', '11:00:00', '13:00:00', 1, 'ACTIVO'),
(4002, '2018-10-11', '14:00:00', '16:00:00', 1, 'ACTIVO'),
(4003, '2018-10-11', '16:00:00', '18:00:00', 1, 'ACTIVO'),
(4004, '2018-10-11', '18:00:00', '20:00:00', 1, 'ACTIVO'),
(4005, '2018-10-11', '20:00:00', '22:00:00', 1, 'ACTIVO'),
(4006, '2018-10-12', '07:00:00', '09:00:00', 1, 'ACTIVO'),
(4007, '2018-10-12', '09:00:00', '11:00:00', 1, 'ACTIVO'),
(4008, '2018-10-12', '11:00:00', '13:00:00', 1, 'ACTIVO'),
(4009, '2018-10-12', '14:00:00', '16:00:00', 1, 'ACTIVO'),
(4010, '2018-10-12', '16:00:00', '18:00:00', 1, 'ACTIVO'),
(4011, '2018-10-12', '18:00:00', '20:00:00', 1, 'ACTIVO'),
(4012, '2018-10-12', '20:00:00', '22:00:00', 1, 'ACTIVO'),
(4013, '2018-10-13', '07:00:00', '09:00:00', 1, 'ACTIVO'),
(4014, '2018-10-13', '09:00:00', '11:00:00', 1, 'ACTIVO'),
(4015, '2018-10-13', '11:00:00', '13:00:00', 1, 'ACTIVO'),
(4016, '2018-10-13', '14:00:00', '16:00:00', 1, 'ACTIVO'),
(4017, '2018-10-13', '16:00:00', '18:00:00', 1, 'ACTIVO'),
(4018, '2018-10-13', '18:00:00', '20:00:00', 1, 'ACTIVO'),
(4019, '2018-10-13', '20:00:00', '22:00:00', 1, 'ACTIVO'),
(4020, '2018-10-14', '07:00:00', '09:00:00', 1, 'ACTIVO'),
(4021, '2018-10-14', '09:00:00', '11:00:00', 1, 'ACTIVO'),
(4022, '2018-10-14', '11:00:00', '13:00:00', 1, 'ACTIVO'),
(4023, '2018-10-14', '14:00:00', '16:00:00', 1, 'ACTIVO'),
(4024, '2018-10-14', '16:00:00', '18:00:00', 1, 'ACTIVO'),
(4025, '2018-10-14', '18:00:00', '20:00:00', 1, 'ACTIVO'),
(4026, '2018-10-14', '20:00:00', '22:00:00', 1, 'ACTIVO'),
(4027, '2018-10-15', '07:00:00', '09:00:00', 1, 'ACTIVO'),
(4028, '2018-10-15', '09:00:00', '11:00:00', 1, 'ACTIVO'),
(4029, '2018-10-15', '11:00:00', '13:00:00', 1, 'ACTIVO'),
(4030, '2018-10-15', '14:00:00', '16:00:00', 1, 'ACTIVO'),
(4031, '2018-10-15', '16:00:00', '18:00:00', 1, 'ACTIVO'),
(4032, '2018-10-15', '18:00:00', '20:00:00', 1, 'ACTIVO'),
(4033, '2018-10-15', '20:00:00', '22:00:00', 1, 'ACTIVO'),
(4034, '2018-10-16', '07:00:00', '09:00:00', 1, 'ACTIVO'),
(4035, '2018-10-16', '09:00:00', '11:00:00', 1, 'ACTIVO'),
(4036, '2018-10-16', '11:00:00', '13:00:00', 1, 'ACTIVO'),
(4037, '2018-10-16', '14:00:00', '16:00:00', 1, 'ACTIVO'),
(4038, '2018-10-16', '16:00:00', '18:00:00', 1, 'ACTIVO'),
(4039, '2018-10-16', '18:00:00', '20:00:00', 1, 'ACTIVO'),
(4040, '2018-10-16', '20:00:00', '22:00:00', 1, 'ACTIVO'),
(4041, '2018-10-17', '07:00:00', '09:00:00', 1, 'ACTIVO'),
(4042, '2018-10-17', '09:00:00', '11:00:00', 1, 'ACTIVO'),
(4043, '2018-10-17', '11:00:00', '13:00:00', 1, 'ACTIVO'),
(4044, '2018-10-17', '14:00:00', '16:00:00', 1, 'ACTIVO'),
(4045, '2018-10-17', '16:00:00', '18:00:00', 1, 'ACTIVO'),
(4046, '2018-10-17', '18:00:00', '20:00:00', 1, 'ACTIVO'),
(4047, '2018-10-17', '20:00:00', '22:00:00', 1, 'ACTIVO'),
(4048, '2018-10-18', '07:00:00', '09:00:00', 1, 'ACTIVO'),
(4049, '2018-10-18', '09:00:00', '11:00:00', 1, 'ACTIVO'),
(4050, '2018-10-18', '11:00:00', '13:00:00', 1, 'ACTIVO'),
(4051, '2018-10-18', '14:00:00', '16:00:00', 1, 'ACTIVO'),
(4052, '2018-10-18', '16:00:00', '18:00:00', 1, 'ACTIVO'),
(4053, '2018-10-18', '18:00:00', '20:00:00', 1, 'ACTIVO'),
(4054, '2018-10-18', '20:00:00', '22:00:00', 1, 'ACTIVO'),
(4055, '2018-10-19', '07:00:00', '09:00:00', 1, 'ACTIVO'),
(4056, '2018-10-19', '09:00:00', '11:00:00', 1, 'ACTIVO'),
(4057, '2018-10-19', '11:00:00', '13:00:00', 1, 'ACTIVO'),
(4058, '2018-10-19', '14:00:00', '16:00:00', 1, 'ACTIVO'),
(4059, '2018-10-19', '16:00:00', '18:00:00', 1, 'ACTIVO'),
(4060, '2018-10-19', '18:00:00', '20:00:00', 1, 'ACTIVO'),
(4061, '2018-10-19', '20:00:00', '22:00:00', 1, 'ACTIVO'),
(4062, '2018-10-20', '07:00:00', '09:00:00', 1, 'ACTIVO'),
(4063, '2018-10-20', '09:00:00', '11:00:00', 1, 'ACTIVO'),
(4064, '2018-10-20', '11:00:00', '13:00:00', 1, 'ACTIVO'),
(4065, '2018-10-20', '14:00:00', '16:00:00', 1, 'ACTIVO'),
(4066, '2018-10-20', '16:00:00', '18:00:00', 1, 'ACTIVO'),
(4067, '2018-10-20', '18:00:00', '20:00:00', 1, 'ACTIVO'),
(4068, '2018-10-20', '20:00:00', '22:00:00', 1, 'ACTIVO'),
(4069, '2018-10-21', '07:00:00', '09:00:00', 1, 'ACTIVO'),
(4070, '2018-10-21', '09:00:00', '11:00:00', 1, 'ACTIVO'),
(4071, '2018-10-21', '11:00:00', '13:00:00', 1, 'ACTIVO'),
(4072, '2018-10-21', '14:00:00', '16:00:00', 1, 'ACTIVO'),
(4073, '2018-10-21', '16:00:00', '18:00:00', 1, 'ACTIVO'),
(4074, '2018-10-21', '18:00:00', '20:00:00', 1, 'ACTIVO'),
(4075, '2018-10-21', '20:00:00', '22:00:00', 1, 'ACTIVO'),
(4076, '2018-10-22', '07:00:00', '09:00:00', 1, 'ACTIVO'),
(4077, '2018-10-22', '09:00:00', '11:00:00', 1, 'ACTIVO'),
(4078, '2018-10-22', '11:00:00', '13:00:00', 1, 'ACTIVO'),
(4079, '2018-10-22', '14:00:00', '16:00:00', 1, 'ACTIVO'),
(4080, '2018-10-22', '16:00:00', '18:00:00', 1, 'ACTIVO'),
(4081, '2018-10-22', '18:00:00', '20:00:00', 1, 'ACTIVO'),
(4082, '2018-10-22', '20:00:00', '22:00:00', 1, 'ACTIVO'),
(4083, '2018-10-23', '07:00:00', '09:00:00', 1, 'ACTIVO'),
(4084, '2018-10-23', '09:00:00', '11:00:00', 1, 'ACTIVO'),
(4085, '2018-10-23', '11:00:00', '13:00:00', 1, 'ACTIVO'),
(4086, '2018-10-23', '14:00:00', '16:00:00', 1, 'ACTIVO'),
(4087, '2018-10-23', '16:00:00', '18:00:00', 1, 'ACTIVO'),
(4088, '2018-10-23', '18:00:00', '20:00:00', 1, 'ACTIVO'),
(4089, '2018-10-23', '20:00:00', '22:00:00', 1, 'ACTIVO'),
(4090, '2018-10-24', '07:00:00', '09:00:00', 1, 'ACTIVO'),
(4091, '2018-10-24', '09:00:00', '11:00:00', 1, 'ACTIVO'),
(4092, '2018-10-24', '11:00:00', '13:00:00', 1, 'ACTIVO'),
(4093, '2018-10-24', '14:00:00', '16:00:00', 1, 'ACTIVO'),
(4094, '2018-10-24', '16:00:00', '18:00:00', 1, 'ACTIVO'),
(4095, '2018-10-24', '18:00:00', '20:00:00', 1, 'ACTIVO'),
(4096, '2018-10-24', '20:00:00', '22:00:00', 1, 'ACTIVO'),
(4097, '2018-10-25', '07:00:00', '09:00:00', 1, 'ACTIVO'),
(4098, '2018-10-25', '09:00:00', '11:00:00', 1, 'ACTIVO'),
(4099, '2018-10-25', '11:00:00', '13:00:00', 1, 'ACTIVO'),
(4100, '2018-10-25', '14:00:00', '16:00:00', 1, 'ACTIVO'),
(4101, '2018-10-25', '16:00:00', '18:00:00', 1, 'ACTIVO'),
(4102, '2018-10-25', '18:00:00', '20:00:00', 1, 'ACTIVO'),
(4103, '2018-10-25', '20:00:00', '22:00:00', 1, 'ACTIVO'),
(4104, '2018-10-26', '07:00:00', '09:00:00', 1, 'ACTIVO'),
(4105, '2018-10-26', '09:00:00', '11:00:00', 1, 'ACTIVO'),
(4106, '2018-10-26', '11:00:00', '13:00:00', 1, 'ACTIVO'),
(4107, '2018-10-26', '14:00:00', '16:00:00', 1, 'ACTIVO'),
(4108, '2018-10-26', '16:00:00', '18:00:00', 1, 'ACTIVO'),
(4109, '2018-10-26', '18:00:00', '20:00:00', 1, 'ACTIVO'),
(4110, '2018-10-26', '20:00:00', '22:00:00', 1, 'ACTIVO'),
(4111, '2018-10-27', '07:00:00', '09:00:00', 1, 'ACTIVO'),
(4112, '2018-10-27', '09:00:00', '11:00:00', 1, 'ACTIVO'),
(4113, '2018-10-27', '11:00:00', '13:00:00', 1, 'ACTIVO'),
(4114, '2018-10-27', '14:00:00', '16:00:00', 1, 'ACTIVO'),
(4115, '2018-10-27', '16:00:00', '18:00:00', 1, 'ACTIVO'),
(4116, '2018-10-27', '18:00:00', '20:00:00', 1, 'ACTIVO'),
(4117, '2018-10-27', '20:00:00', '22:00:00', 1, 'ACTIVO'),
(4118, '2018-10-28', '07:00:00', '09:00:00', 1, 'ACTIVO'),
(4119, '2018-10-28', '09:00:00', '11:00:00', 1, 'ACTIVO'),
(4120, '2018-10-28', '11:00:00', '13:00:00', 1, 'ACTIVO'),
(4121, '2018-10-28', '14:00:00', '16:00:00', 1, 'ACTIVO'),
(4122, '2018-10-28', '16:00:00', '18:00:00', 1, 'ACTIVO'),
(4123, '2018-10-28', '18:00:00', '20:00:00', 1, 'ACTIVO'),
(4124, '2018-10-28', '20:00:00', '22:00:00', 1, 'ACTIVO'),
(4125, '2018-10-29', '07:00:00', '09:00:00', 1, 'ACTIVO'),
(4126, '2018-10-29', '09:00:00', '11:00:00', 1, 'ACTIVO'),
(4127, '2018-10-29', '11:00:00', '13:00:00', 1, 'ACTIVO'),
(4128, '2018-10-29', '14:00:00', '16:00:00', 1, 'ACTIVO'),
(4129, '2018-10-29', '16:00:00', '18:00:00', 1, 'ACTIVO'),
(4130, '2018-10-29', '18:00:00', '20:00:00', 1, 'ACTIVO'),
(4131, '2018-10-29', '20:00:00', '22:00:00', 1, 'ACTIVO'),
(4132, '2018-10-30', '07:00:00', '09:00:00', 1, 'ACTIVO'),
(4133, '2018-10-30', '09:00:00', '11:00:00', 1, 'ACTIVO'),
(4134, '2018-10-30', '11:00:00', '13:00:00', 1, 'ACTIVO'),
(4135, '2018-10-30', '14:00:00', '16:00:00', 1, 'ACTIVO'),
(4136, '2018-10-30', '16:00:00', '18:00:00', 1, 'ACTIVO'),
(4137, '2018-10-30', '18:00:00', '20:00:00', 1, 'ACTIVO'),
(4138, '2018-10-30', '20:00:00', '22:00:00', 1, 'ACTIVO'),
(4139, '2018-10-31', '07:00:00', '09:00:00', 1, 'ACTIVO'),
(4140, '2018-10-31', '09:00:00', '11:00:00', 1, 'ACTIVO'),
(4141, '2018-10-31', '11:00:00', '13:00:00', 1, 'ACTIVO'),
(4142, '2018-10-31', '14:00:00', '16:00:00', 1, 'ACTIVO'),
(4143, '2018-10-31', '16:00:00', '18:00:00', 1, 'ACTIVO'),
(4144, '2018-10-31', '18:00:00', '20:00:00', 1, 'ACTIVO'),
(4145, '2018-10-31', '20:00:00', '22:00:00', 1, 'ACTIVO'),
(4146, '2018-11-01', '07:00:00', '09:00:00', 1, 'ACTIVO'),
(4147, '2018-11-01', '09:00:00', '11:00:00', 1, 'ACTIVO'),
(4148, '2018-11-01', '11:00:00', '13:00:00', 1, 'ACTIVO'),
(4149, '2018-11-01', '14:00:00', '16:00:00', 1, 'ACTIVO'),
(4150, '2018-11-01', '16:00:00', '18:00:00', 1, 'ACTIVO'),
(4151, '2018-11-01', '18:00:00', '20:00:00', 1, 'ACTIVO'),
(4152, '2018-11-01', '20:00:00', '22:00:00', 1, 'ACTIVO'),
(4153, '2018-11-02', '07:00:00', '09:00:00', 1, 'ACTIVO'),
(4154, '2018-11-02', '09:00:00', '11:00:00', 1, 'ACTIVO'),
(4155, '2018-11-02', '11:00:00', '13:00:00', 1, 'ACTIVO'),
(4156, '2018-11-02', '14:00:00', '16:00:00', 1, 'ACTIVO'),
(4157, '2018-11-02', '16:00:00', '18:00:00', 1, 'ACTIVO'),
(4158, '2018-11-02', '18:00:00', '20:00:00', 1, 'ACTIVO'),
(4159, '2018-11-02', '20:00:00', '22:00:00', 1, 'ACTIVO'),
(4160, '2018-11-03', '07:00:00', '09:00:00', 1, 'ACTIVO'),
(4161, '2018-11-03', '09:00:00', '11:00:00', 1, 'ACTIVO'),
(4162, '2018-11-03', '11:00:00', '13:00:00', 1, 'ACTIVO'),
(4163, '2018-11-03', '14:00:00', '16:00:00', 1, 'ACTIVO'),
(4164, '2018-11-03', '16:00:00', '18:00:00', 1, 'ACTIVO'),
(4165, '2018-11-03', '18:00:00', '20:00:00', 1, 'ACTIVO'),
(4166, '2018-11-03', '20:00:00', '22:00:00', 1, 'ACTIVO'),
(4167, '2018-11-04', '07:00:00', '09:00:00', 1, 'ACTIVO'),
(4168, '2018-11-04', '09:00:00', '11:00:00', 1, 'ACTIVO'),
(4169, '2018-11-04', '11:00:00', '13:00:00', 1, 'ACTIVO'),
(4170, '2018-11-04', '14:00:00', '16:00:00', 1, 'ACTIVO'),
(4171, '2018-11-04', '16:00:00', '18:00:00', 1, 'ACTIVO'),
(4172, '2018-11-04', '18:00:00', '20:00:00', 1, 'ACTIVO'),
(4173, '2018-11-04', '20:00:00', '22:00:00', 1, 'ACTIVO'),
(4174, '2018-11-05', '07:00:00', '09:00:00', 1, 'ACTIVO'),
(4175, '2018-11-05', '09:00:00', '11:00:00', 1, 'ACTIVO'),
(4176, '2018-11-05', '11:00:00', '13:00:00', 1, 'ACTIVO'),
(4177, '2018-11-05', '14:00:00', '16:00:00', 1, 'ACTIVO'),
(4178, '2018-11-05', '16:00:00', '18:00:00', 1, 'ACTIVO'),
(4179, '2018-11-05', '18:00:00', '20:00:00', 1, 'ACTIVO'),
(4180, '2018-11-05', '20:00:00', '22:00:00', 1, 'ACTIVO'),
(4181, '2018-11-06', '07:00:00', '09:00:00', 1, 'ACTIVO'),
(4182, '2018-11-06', '09:00:00', '11:00:00', 1, 'ACTIVO'),
(4183, '2018-11-06', '11:00:00', '13:00:00', 1, 'ACTIVO'),
(4184, '2018-11-06', '14:00:00', '16:00:00', 1, 'ACTIVO'),
(4185, '2018-11-06', '16:00:00', '18:00:00', 1, 'ACTIVO'),
(4186, '2018-11-06', '18:00:00', '20:00:00', 1, 'ACTIVO'),
(4187, '2018-11-06', '20:00:00', '22:00:00', 1, 'ACTIVO'),
(4188, '2018-11-07', '07:00:00', '09:00:00', 1, 'ACTIVO'),
(4189, '2018-11-07', '09:00:00', '11:00:00', 1, 'ACTIVO'),
(4190, '2018-11-07', '11:00:00', '13:00:00', 1, 'ACTIVO'),
(4191, '2018-11-07', '14:00:00', '16:00:00', 1, 'ACTIVO'),
(4192, '2018-11-07', '16:00:00', '18:00:00', 1, 'ACTIVO'),
(4193, '2018-11-07', '18:00:00', '20:00:00', 1, 'ACTIVO'),
(4194, '2018-11-07', '20:00:00', '22:00:00', 1, 'ACTIVO'),
(4195, '2018-11-08', '07:00:00', '09:00:00', 1, 'ACTIVO'),
(4196, '2018-11-08', '09:00:00', '11:00:00', 1, 'ACTIVO'),
(4197, '2018-11-08', '11:00:00', '13:00:00', 1, 'ACTIVO'),
(4198, '2018-11-08', '14:00:00', '16:00:00', 1, 'ACTIVO'),
(4199, '2018-11-08', '16:00:00', '18:00:00', 1, 'ACTIVO'),
(4200, '2018-11-08', '18:00:00', '20:00:00', 1, 'ACTIVO'),
(4201, '2018-11-08', '20:00:00', '22:00:00', 1, 'ACTIVO'),
(4202, '2018-11-09', '07:00:00', '09:00:00', 1, 'ACTIVO'),
(4203, '2018-11-09', '09:00:00', '11:00:00', 1, 'ACTIVO'),
(4204, '2018-11-09', '11:00:00', '13:00:00', 1, 'ACTIVO'),
(4205, '2018-11-09', '14:00:00', '16:00:00', 1, 'ACTIVO'),
(4206, '2018-11-09', '16:00:00', '18:00:00', 1, 'ACTIVO'),
(4207, '2018-11-09', '18:00:00', '20:00:00', 1, 'ACTIVO'),
(4208, '2018-11-09', '20:00:00', '22:00:00', 1, 'ACTIVO'),
(4209, '2018-11-10', '07:00:00', '09:00:00', 1, 'ACTIVO'),
(4210, '2018-11-10', '09:00:00', '11:00:00', 1, 'ACTIVO'),
(4211, '2018-11-10', '11:00:00', '13:00:00', 1, 'ACTIVO'),
(4212, '2018-11-10', '14:00:00', '16:00:00', 1, 'ACTIVO'),
(4213, '2018-11-10', '16:00:00', '18:00:00', 1, 'ACTIVO'),
(4214, '2018-11-10', '18:00:00', '20:00:00', 1, 'ACTIVO'),
(4215, '2018-11-10', '20:00:00', '22:00:00', 1, 'ACTIVO'),
(4216, '2018-11-11', '07:00:00', '09:00:00', 1, 'ACTIVO'),
(4217, '2018-11-11', '09:00:00', '11:00:00', 1, 'ACTIVO'),
(4218, '2018-11-11', '11:00:00', '13:00:00', 1, 'ACTIVO'),
(4219, '2018-11-11', '14:00:00', '16:00:00', 1, 'ACTIVO'),
(4220, '2018-11-11', '16:00:00', '18:00:00', 1, 'ACTIVO'),
(4221, '2018-11-11', '18:00:00', '20:00:00', 1, 'ACTIVO'),
(4222, '2018-11-11', '20:00:00', '22:00:00', 1, 'ACTIVO'),
(4223, '2018-11-12', '07:00:00', '09:00:00', 1, 'ACTIVO'),
(4224, '2018-11-12', '09:00:00', '11:00:00', 1, 'ACTIVO'),
(4225, '2018-11-12', '11:00:00', '13:00:00', 1, 'ACTIVO'),
(4226, '2018-11-12', '14:00:00', '16:00:00', 1, 'ACTIVO'),
(4227, '2018-11-12', '16:00:00', '18:00:00', 1, 'ACTIVO'),
(4228, '2018-11-12', '18:00:00', '20:00:00', 1, 'ACTIVO'),
(4229, '2018-11-12', '20:00:00', '22:00:00', 1, 'ACTIVO'),
(4230, '2018-11-13', '07:00:00', '09:00:00', 1, 'ACTIVO'),
(4231, '2018-11-13', '09:00:00', '11:00:00', 1, 'ACTIVO'),
(4232, '2018-11-13', '11:00:00', '13:00:00', 1, 'ACTIVO'),
(4233, '2018-11-13', '14:00:00', '16:00:00', 1, 'ACTIVO'),
(4234, '2018-11-13', '16:00:00', '18:00:00', 1, 'ACTIVO'),
(4235, '2018-11-13', '18:00:00', '20:00:00', 1, 'ACTIVO'),
(4236, '2018-11-13', '20:00:00', '22:00:00', 1, 'ACTIVO'),
(4237, '2018-11-14', '07:00:00', '09:00:00', 1, 'ACTIVO'),
(4238, '2018-11-14', '09:00:00', '11:00:00', 1, 'ACTIVO'),
(4239, '2018-11-14', '11:00:00', '13:00:00', 1, 'ACTIVO'),
(4240, '2018-11-14', '14:00:00', '16:00:00', 1, 'ACTIVO'),
(4241, '2018-11-14', '16:00:00', '18:00:00', 1, 'ACTIVO'),
(4242, '2018-11-14', '18:00:00', '20:00:00', 1, 'ACTIVO'),
(4243, '2018-11-14', '20:00:00', '22:00:00', 1, 'ACTIVO'),
(4244, '2018-11-15', '07:00:00', '09:00:00', 1, 'ACTIVO'),
(4245, '2018-11-15', '09:00:00', '11:00:00', 1, 'ACTIVO'),
(4246, '2018-11-15', '11:00:00', '13:00:00', 1, 'ACTIVO'),
(4247, '2018-11-15', '14:00:00', '16:00:00', 1, 'ACTIVO'),
(4248, '2018-11-15', '16:00:00', '18:00:00', 1, 'ACTIVO'),
(4249, '2018-11-15', '18:00:00', '20:00:00', 1, 'ACTIVO'),
(4250, '2018-11-15', '20:00:00', '22:00:00', 1, 'ACTIVO'),
(4251, '2018-11-16', '07:00:00', '09:00:00', 1, 'ACTIVO'),
(4252, '2018-11-16', '09:00:00', '11:00:00', 1, 'ACTIVO'),
(4253, '2018-11-16', '11:00:00', '13:00:00', 1, 'ACTIVO'),
(4254, '2018-11-16', '14:00:00', '16:00:00', 1, 'ACTIVO'),
(4255, '2018-11-16', '16:00:00', '18:00:00', 1, 'ACTIVO'),
(4256, '2018-11-16', '18:00:00', '20:00:00', 1, 'ACTIVO'),
(4257, '2018-11-16', '20:00:00', '22:00:00', 1, 'ACTIVO'),
(4258, '2018-11-17', '07:00:00', '09:00:00', 1, 'ACTIVO'),
(4259, '2018-11-17', '09:00:00', '11:00:00', 1, 'ACTIVO'),
(4260, '2018-11-17', '11:00:00', '13:00:00', 1, 'ACTIVO'),
(4261, '2018-11-17', '14:00:00', '16:00:00', 1, 'ACTIVO'),
(4262, '2018-11-17', '16:00:00', '18:00:00', 1, 'ACTIVO'),
(4263, '2018-11-17', '18:00:00', '20:00:00', 1, 'ACTIVO'),
(4264, '2018-11-17', '20:00:00', '22:00:00', 1, 'ACTIVO'),
(4265, '2018-11-18', '07:00:00', '09:00:00', 1, 'ACTIVO'),
(4266, '2018-11-18', '09:00:00', '11:00:00', 1, 'ACTIVO'),
(4267, '2018-11-18', '11:00:00', '13:00:00', 1, 'ACTIVO'),
(4268, '2018-11-18', '14:00:00', '16:00:00', 1, 'ACTIVO'),
(4269, '2018-11-18', '16:00:00', '18:00:00', 1, 'ACTIVO'),
(4270, '2018-11-18', '18:00:00', '20:00:00', 1, 'ACTIVO'),
(4271, '2018-11-18', '20:00:00', '22:00:00', 1, 'ACTIVO'),
(4272, '2018-11-19', '07:00:00', '09:00:00', 1, 'ACTIVO'),
(4273, '2018-11-19', '09:00:00', '11:00:00', 1, 'ACTIVO'),
(4274, '2018-11-19', '11:00:00', '13:00:00', 1, 'ACTIVO'),
(4275, '2018-11-19', '14:00:00', '16:00:00', 1, 'ACTIVO'),
(4276, '2018-11-19', '16:00:00', '18:00:00', 1, 'ACTIVO'),
(4277, '2018-11-19', '18:00:00', '20:00:00', 1, 'ACTIVO'),
(4278, '2018-11-19', '20:00:00', '22:00:00', 1, 'ACTIVO'),
(4279, '2018-11-20', '07:00:00', '09:00:00', 1, 'ACTIVO'),
(4280, '2018-11-20', '09:00:00', '11:00:00', 1, 'ACTIVO'),
(4281, '2018-11-20', '11:00:00', '13:00:00', 1, 'ACTIVO'),
(4282, '2018-11-20', '14:00:00', '16:00:00', 1, 'ACTIVO'),
(4283, '2018-11-20', '16:00:00', '18:00:00', 1, 'ACTIVO'),
(4284, '2018-11-20', '18:00:00', '20:00:00', 1, 'ACTIVO'),
(4285, '2018-11-20', '20:00:00', '22:00:00', 1, 'ACTIVO'),
(4286, '2018-11-21', '07:00:00', '09:00:00', 1, 'ACTIVO'),
(4287, '2018-11-21', '09:00:00', '11:00:00', 1, 'ACTIVO'),
(4288, '2018-11-21', '11:00:00', '13:00:00', 1, 'ACTIVO'),
(4289, '2018-11-21', '14:00:00', '16:00:00', 1, 'ACTIVO'),
(4290, '2018-11-21', '16:00:00', '18:00:00', 1, 'ACTIVO'),
(4291, '2018-11-21', '18:00:00', '20:00:00', 1, 'ACTIVO'),
(4292, '2018-11-21', '20:00:00', '22:00:00', 1, 'ACTIVO'),
(4293, '2018-11-22', '07:00:00', '09:00:00', 1, 'ACTIVO'),
(4294, '2018-11-22', '09:00:00', '11:00:00', 1, 'ACTIVO'),
(4295, '2018-11-22', '11:00:00', '13:00:00', 1, 'ACTIVO'),
(4296, '2018-11-22', '14:00:00', '16:00:00', 1, 'ACTIVO'),
(4297, '2018-11-22', '16:00:00', '18:00:00', 1, 'ACTIVO'),
(4298, '2018-11-22', '18:00:00', '20:00:00', 1, 'ACTIVO'),
(4299, '2018-11-22', '20:00:00', '22:00:00', 1, 'ACTIVO'),
(4300, '2018-11-23', '07:00:00', '09:00:00', 1, 'ACTIVO'),
(4301, '2018-11-23', '09:00:00', '11:00:00', 1, 'ACTIVO'),
(4302, '2018-11-23', '11:00:00', '13:00:00', 1, 'ACTIVO'),
(4303, '2018-11-23', '14:00:00', '16:00:00', 1, 'ACTIVO'),
(4304, '2018-11-23', '16:00:00', '18:00:00', 1, 'ACTIVO'),
(4305, '2018-11-23', '18:00:00', '20:00:00', 1, 'ACTIVO'),
(4306, '2018-11-23', '20:00:00', '22:00:00', 1, 'ACTIVO'),
(4307, '2018-11-24', '07:00:00', '09:00:00', 1, 'ACTIVO'),
(4308, '2018-11-24', '09:00:00', '11:00:00', 1, 'ACTIVO'),
(4309, '2018-11-24', '11:00:00', '13:00:00', 1, 'ACTIVO'),
(4310, '2018-11-24', '14:00:00', '16:00:00', 1, 'ACTIVO'),
(4311, '2018-11-24', '16:00:00', '18:00:00', 1, 'ACTIVO'),
(4312, '2018-11-24', '18:00:00', '20:00:00', 1, 'ACTIVO'),
(4313, '2018-11-24', '20:00:00', '22:00:00', 1, 'ACTIVO'),
(4314, '2018-11-25', '07:00:00', '09:00:00', 1, 'ACTIVO'),
(4315, '2018-11-25', '09:00:00', '11:00:00', 1, 'ACTIVO'),
(4316, '2018-11-25', '11:00:00', '13:00:00', 1, 'ACTIVO'),
(4317, '2018-11-25', '14:00:00', '16:00:00', 1, 'ACTIVO');
INSERT INTO `disponibilidad_laboratorio` (`id_disponibilidad`, `fecha`, `bloque_ini`, `bloque_fin`, `id_laboratorio`, `estado`) VALUES
(4318, '2018-11-25', '16:00:00', '18:00:00', 1, 'ACTIVO'),
(4319, '2018-11-25', '18:00:00', '20:00:00', 1, 'ACTIVO'),
(4320, '2018-11-25', '20:00:00', '22:00:00', 1, 'ACTIVO'),
(4321, '2018-11-26', '07:00:00', '09:00:00', 1, 'ACTIVO'),
(4322, '2018-11-26', '09:00:00', '11:00:00', 1, 'ACTIVO'),
(4323, '2018-11-26', '11:00:00', '13:00:00', 1, 'ACTIVO'),
(4324, '2018-11-26', '14:00:00', '16:00:00', 1, 'ACTIVO'),
(4325, '2018-11-26', '16:00:00', '18:00:00', 1, 'ACTIVO'),
(4326, '2018-11-26', '18:00:00', '20:00:00', 1, 'ACTIVO'),
(4327, '2018-11-26', '20:00:00', '22:00:00', 1, 'ACTIVO'),
(4328, '2018-11-27', '07:00:00', '09:00:00', 1, 'ACTIVO'),
(4329, '2018-11-27', '09:00:00', '11:00:00', 1, 'ACTIVO'),
(4330, '2018-11-27', '11:00:00', '13:00:00', 1, 'ACTIVO'),
(4331, '2018-11-27', '14:00:00', '16:00:00', 1, 'ACTIVO'),
(4332, '2018-11-27', '16:00:00', '18:00:00', 1, 'ACTIVO'),
(4333, '2018-11-27', '18:00:00', '20:00:00', 1, 'ACTIVO'),
(4334, '2018-11-27', '20:00:00', '22:00:00', 1, 'ACTIVO'),
(4335, '2018-11-28', '07:00:00', '09:00:00', 1, 'ACTIVO'),
(4336, '2018-11-28', '09:00:00', '11:00:00', 1, 'ACTIVO'),
(4337, '2018-11-28', '11:00:00', '13:00:00', 1, 'ACTIVO'),
(4338, '2018-11-28', '14:00:00', '16:00:00', 1, 'ACTIVO'),
(4339, '2018-11-28', '16:00:00', '18:00:00', 1, 'ACTIVO'),
(4340, '2018-11-28', '18:00:00', '20:00:00', 1, 'ACTIVO'),
(4341, '2018-11-28', '20:00:00', '22:00:00', 1, 'ACTIVO'),
(4342, '2018-11-29', '07:00:00', '09:00:00', 1, 'ACTIVO'),
(4343, '2018-11-29', '09:00:00', '11:00:00', 1, 'ACTIVO'),
(4344, '2018-11-29', '11:00:00', '13:00:00', 1, 'ACTIVO'),
(4345, '2018-11-29', '14:00:00', '16:00:00', 1, 'ACTIVO'),
(4346, '2018-11-29', '16:00:00', '18:00:00', 1, 'ACTIVO'),
(4347, '2018-11-29', '18:00:00', '20:00:00', 1, 'ACTIVO'),
(4348, '2018-11-29', '20:00:00', '22:00:00', 1, 'ACTIVO'),
(4349, '2018-11-30', '07:00:00', '09:00:00', 1, 'ACTIVO'),
(4350, '2018-11-30', '09:00:00', '11:00:00', 1, 'ACTIVO'),
(4351, '2018-11-30', '11:00:00', '13:00:00', 1, 'ACTIVO'),
(4352, '2018-11-30', '14:00:00', '16:00:00', 1, 'ACTIVO'),
(4353, '2018-11-30', '16:00:00', '18:00:00', 1, 'ACTIVO'),
(4354, '2018-11-30', '18:00:00', '20:00:00', 1, 'ACTIVO'),
(4355, '2018-11-30', '20:00:00', '22:00:00', 1, 'ACTIVO'),
(4356, '2018-12-01', '07:00:00', '09:00:00', 1, 'ACTIVO'),
(4357, '2018-12-01', '09:00:00', '11:00:00', 1, 'ACTIVO'),
(4358, '2018-12-01', '11:00:00', '13:00:00', 1, 'ACTIVO'),
(4359, '2018-12-01', '14:00:00', '16:00:00', 1, 'ACTIVO'),
(4360, '2018-12-01', '16:00:00', '18:00:00', 1, 'ACTIVO'),
(4361, '2018-12-01', '18:00:00', '20:00:00', 1, 'ACTIVO'),
(4362, '2018-12-01', '20:00:00', '22:00:00', 1, 'ACTIVO'),
(4363, '2018-12-02', '07:00:00', '09:00:00', 1, 'ACTIVO'),
(4364, '2018-12-02', '09:00:00', '11:00:00', 1, 'ACTIVO'),
(4365, '2018-12-02', '11:00:00', '13:00:00', 1, 'ACTIVO'),
(4366, '2018-12-02', '14:00:00', '16:00:00', 1, 'ACTIVO'),
(4367, '2018-12-02', '16:00:00', '18:00:00', 1, 'ACTIVO'),
(4368, '2018-12-02', '18:00:00', '20:00:00', 1, 'ACTIVO'),
(4369, '2018-12-02', '20:00:00', '22:00:00', 1, 'ACTIVO'),
(4370, '2018-12-03', '07:00:00', '09:00:00', 1, 'ACTIVO'),
(4371, '2018-12-03', '09:00:00', '11:00:00', 1, 'ACTIVO'),
(4372, '2018-12-03', '11:00:00', '13:00:00', 1, 'ACTIVO'),
(4373, '2018-12-03', '14:00:00', '16:00:00', 1, 'ACTIVO'),
(4374, '2018-12-03', '16:00:00', '18:00:00', 1, 'ACTIVO'),
(4375, '2018-12-03', '18:00:00', '20:00:00', 1, 'ACTIVO'),
(4376, '2018-12-03', '20:00:00', '22:00:00', 1, 'ACTIVO'),
(4377, '2018-12-04', '07:00:00', '09:00:00', 1, 'ACTIVO'),
(4378, '2018-12-04', '09:00:00', '11:00:00', 1, 'ACTIVO'),
(4379, '2018-12-04', '11:00:00', '13:00:00', 1, 'ACTIVO'),
(4380, '2018-12-04', '14:00:00', '16:00:00', 1, 'ACTIVO'),
(4381, '2018-12-04', '16:00:00', '18:00:00', 1, 'ACTIVO'),
(4382, '2018-12-04', '18:00:00', '20:00:00', 1, 'ACTIVO'),
(4383, '2018-12-04', '20:00:00', '22:00:00', 1, 'ACTIVO'),
(4384, '2018-12-05', '07:00:00', '09:00:00', 1, 'ACTIVO'),
(4385, '2018-12-05', '09:00:00', '11:00:00', 1, 'ACTIVO'),
(4386, '2018-12-05', '11:00:00', '13:00:00', 1, 'ACTIVO'),
(4387, '2018-12-05', '14:00:00', '16:00:00', 1, 'ACTIVO'),
(4388, '2018-12-05', '16:00:00', '18:00:00', 1, 'ACTIVO'),
(4389, '2018-12-05', '18:00:00', '20:00:00', 1, 'ACTIVO'),
(4390, '2018-12-05', '20:00:00', '22:00:00', 1, 'ACTIVO'),
(4391, '2018-12-06', '07:00:00', '09:00:00', 1, 'ACTIVO'),
(4392, '2018-12-06', '09:00:00', '11:00:00', 1, 'ACTIVO'),
(4393, '2018-12-06', '11:00:00', '13:00:00', 1, 'ACTIVO'),
(4394, '2018-12-06', '14:00:00', '16:00:00', 1, 'ACTIVO'),
(4395, '2018-12-06', '16:00:00', '18:00:00', 1, 'ACTIVO'),
(4396, '2018-12-06', '18:00:00', '20:00:00', 1, 'ACTIVO'),
(4397, '2018-12-06', '20:00:00', '22:00:00', 1, 'ACTIVO'),
(4398, '2018-12-07', '07:00:00', '09:00:00', 1, 'ACTIVO'),
(4399, '2018-12-07', '09:00:00', '11:00:00', 1, 'ACTIVO'),
(4400, '2018-12-07', '11:00:00', '13:00:00', 1, 'ACTIVO'),
(4401, '2018-12-07', '14:00:00', '16:00:00', 1, 'ACTIVO'),
(4402, '2018-12-07', '16:00:00', '18:00:00', 1, 'ACTIVO'),
(4403, '2018-12-07', '18:00:00', '20:00:00', 1, 'ACTIVO'),
(4404, '2018-12-07', '20:00:00', '22:00:00', 1, 'ACTIVO'),
(4405, '2018-12-08', '07:00:00', '09:00:00', 1, 'ACTIVO'),
(4406, '2018-12-08', '09:00:00', '11:00:00', 1, 'ACTIVO'),
(4407, '2018-12-08', '11:00:00', '13:00:00', 1, 'ACTIVO'),
(4408, '2018-12-08', '14:00:00', '16:00:00', 1, 'ACTIVO'),
(4409, '2018-12-08', '16:00:00', '18:00:00', 1, 'ACTIVO'),
(4410, '2018-12-08', '18:00:00', '20:00:00', 1, 'ACTIVO'),
(4411, '2018-12-08', '20:00:00', '22:00:00', 1, 'ACTIVO'),
(4412, '2018-12-09', '07:00:00', '09:00:00', 1, 'ACTIVO'),
(4413, '2018-12-09', '09:00:00', '11:00:00', 1, 'ACTIVO'),
(4414, '2018-12-09', '11:00:00', '13:00:00', 1, 'ACTIVO'),
(4415, '2018-12-09', '14:00:00', '16:00:00', 1, 'ACTIVO'),
(4416, '2018-12-09', '16:00:00', '18:00:00', 1, 'ACTIVO'),
(4417, '2018-12-09', '18:00:00', '20:00:00', 1, 'ACTIVO'),
(4418, '2018-12-09', '20:00:00', '22:00:00', 1, 'ACTIVO'),
(4419, '2018-12-10', '07:00:00', '09:00:00', 1, 'ACTIVO'),
(4420, '2018-12-10', '09:00:00', '11:00:00', 1, 'ACTIVO'),
(4421, '2018-12-10', '11:00:00', '13:00:00', 1, 'ACTIVO'),
(4422, '2018-12-10', '14:00:00', '16:00:00', 1, 'ACTIVO'),
(4423, '2018-12-10', '16:00:00', '18:00:00', 1, 'ACTIVO'),
(4424, '2018-12-10', '18:00:00', '20:00:00', 1, 'ACTIVO'),
(4425, '2018-12-10', '20:00:00', '22:00:00', 1, 'ACTIVO'),
(4426, '2018-12-11', '07:00:00', '09:00:00', 1, 'ACTIVO'),
(4427, '2018-12-11', '09:00:00', '11:00:00', 1, 'ACTIVO'),
(4428, '2018-12-11', '11:00:00', '13:00:00', 1, 'ACTIVO'),
(4429, '2018-12-11', '14:00:00', '16:00:00', 1, 'ACTIVO'),
(4430, '2018-12-11', '16:00:00', '18:00:00', 1, 'ACTIVO'),
(4431, '2018-12-11', '18:00:00', '20:00:00', 1, 'ACTIVO'),
(4432, '2018-12-11', '20:00:00', '22:00:00', 1, 'ACTIVO'),
(4433, '2018-12-12', '07:00:00', '09:00:00', 1, 'ACTIVO'),
(4434, '2018-12-12', '09:00:00', '11:00:00', 1, 'ACTIVO'),
(4435, '2018-12-12', '11:00:00', '13:00:00', 1, 'ACTIVO'),
(4436, '2018-12-12', '14:00:00', '16:00:00', 1, 'ACTIVO'),
(4437, '2018-12-12', '16:00:00', '18:00:00', 1, 'ACTIVO'),
(4438, '2018-12-12', '18:00:00', '20:00:00', 1, 'ACTIVO'),
(4439, '2018-12-12', '20:00:00', '22:00:00', 1, 'ACTIVO'),
(4440, '2018-12-13', '07:00:00', '09:00:00', 1, 'ACTIVO'),
(4441, '2018-12-13', '09:00:00', '11:00:00', 1, 'ACTIVO'),
(4442, '2018-12-13', '11:00:00', '13:00:00', 1, 'ACTIVO'),
(4443, '2018-12-13', '14:00:00', '16:00:00', 1, 'ACTIVO'),
(4444, '2018-12-13', '16:00:00', '18:00:00', 1, 'ACTIVO'),
(4445, '2018-12-13', '18:00:00', '20:00:00', 1, 'ACTIVO'),
(4446, '2018-12-13', '20:00:00', '22:00:00', 1, 'ACTIVO'),
(4447, '2018-12-14', '07:00:00', '09:00:00', 1, 'ACTIVO'),
(4448, '2018-12-14', '09:00:00', '11:00:00', 1, 'ACTIVO'),
(4449, '2018-12-14', '11:00:00', '13:00:00', 1, 'ACTIVO'),
(4450, '2018-12-14', '14:00:00', '16:00:00', 1, 'ACTIVO'),
(4451, '2018-12-14', '16:00:00', '18:00:00', 1, 'ACTIVO'),
(4452, '2018-12-14', '18:00:00', '20:00:00', 1, 'ACTIVO'),
(4453, '2018-12-14', '20:00:00', '22:00:00', 1, 'ACTIVO'),
(4454, '2018-12-15', '07:00:00', '09:00:00', 1, 'ACTIVO'),
(4455, '2018-12-15', '09:00:00', '11:00:00', 1, 'ACTIVO'),
(4456, '2018-12-15', '11:00:00', '13:00:00', 1, 'ACTIVO'),
(4457, '2018-12-15', '14:00:00', '16:00:00', 1, 'ACTIVO'),
(4458, '2018-12-15', '16:00:00', '18:00:00', 1, 'ACTIVO'),
(4459, '2018-12-15', '18:00:00', '20:00:00', 1, 'ACTIVO'),
(4460, '2018-12-15', '20:00:00', '22:00:00', 1, 'ACTIVO'),
(4461, '2018-12-16', '07:00:00', '09:00:00', 1, 'ACTIVO'),
(4462, '2018-12-16', '09:00:00', '11:00:00', 1, 'ACTIVO'),
(4463, '2018-12-16', '11:00:00', '13:00:00', 1, 'ACTIVO'),
(4464, '2018-12-16', '14:00:00', '16:00:00', 1, 'ACTIVO'),
(4465, '2018-12-16', '16:00:00', '18:00:00', 1, 'ACTIVO'),
(4466, '2018-12-16', '18:00:00', '20:00:00', 1, 'ACTIVO'),
(4467, '2018-12-16', '20:00:00', '22:00:00', 1, 'ACTIVO'),
(4468, '2018-12-17', '07:00:00', '09:00:00', 1, 'ACTIVO'),
(4469, '2018-12-17', '09:00:00', '11:00:00', 1, 'ACTIVO'),
(4470, '2018-12-17', '11:00:00', '13:00:00', 1, 'ACTIVO'),
(4471, '2018-12-17', '14:00:00', '16:00:00', 1, 'ACTIVO'),
(4472, '2018-12-17', '16:00:00', '18:00:00', 1, 'ACTIVO'),
(4473, '2018-12-17', '18:00:00', '20:00:00', 1, 'ACTIVO'),
(4474, '2018-12-17', '20:00:00', '22:00:00', 1, 'ACTIVO'),
(4475, '2018-12-18', '07:00:00', '09:00:00', 1, 'ACTIVO'),
(4476, '2018-12-18', '09:00:00', '11:00:00', 1, 'ACTIVO'),
(4477, '2018-12-18', '11:00:00', '13:00:00', 1, 'ACTIVO'),
(4478, '2018-12-18', '14:00:00', '16:00:00', 1, 'ACTIVO'),
(4479, '2018-12-18', '16:00:00', '18:00:00', 1, 'ACTIVO'),
(4480, '2018-12-18', '18:00:00', '20:00:00', 1, 'ACTIVO'),
(4481, '2018-12-18', '20:00:00', '22:00:00', 1, 'ACTIVO'),
(4482, '2018-12-19', '07:00:00', '09:00:00', 1, 'ACTIVO'),
(4483, '2018-12-19', '09:00:00', '11:00:00', 1, 'ACTIVO'),
(4484, '2018-12-19', '11:00:00', '13:00:00', 1, 'ACTIVO'),
(4485, '2018-12-19', '14:00:00', '16:00:00', 1, 'ACTIVO'),
(4486, '2018-12-19', '16:00:00', '18:00:00', 1, 'ACTIVO'),
(4487, '2018-12-19', '18:00:00', '20:00:00', 1, 'ACTIVO'),
(4488, '2018-12-19', '20:00:00', '22:00:00', 1, 'ACTIVO'),
(4489, '2018-12-20', '07:00:00', '09:00:00', 1, 'ACTIVO'),
(4490, '2018-12-20', '09:00:00', '11:00:00', 1, 'ACTIVO'),
(4491, '2018-12-20', '11:00:00', '13:00:00', 1, 'ACTIVO'),
(4492, '2018-12-20', '14:00:00', '16:00:00', 1, 'ACTIVO'),
(4493, '2018-12-20', '16:00:00', '18:00:00', 1, 'ACTIVO'),
(4494, '2018-12-20', '18:00:00', '20:00:00', 1, 'ACTIVO'),
(4495, '2018-12-20', '20:00:00', '22:00:00', 1, 'ACTIVO'),
(4496, '2018-12-21', '07:00:00', '09:00:00', 1, 'ACTIVO'),
(4497, '2018-12-21', '09:00:00', '11:00:00', 1, 'ACTIVO'),
(4498, '2018-12-21', '11:00:00', '13:00:00', 1, 'ACTIVO'),
(4499, '2018-12-21', '14:00:00', '16:00:00', 1, 'ACTIVO'),
(4500, '2018-12-21', '16:00:00', '18:00:00', 1, 'ACTIVO'),
(4501, '2018-12-21', '18:00:00', '20:00:00', 1, 'ACTIVO'),
(4502, '2018-12-21', '20:00:00', '22:00:00', 1, 'ACTIVO'),
(4503, '2018-12-22', '07:00:00', '09:00:00', 1, 'ACTIVO'),
(4504, '2018-12-22', '09:00:00', '11:00:00', 1, 'ACTIVO'),
(4505, '2018-12-22', '11:00:00', '13:00:00', 1, 'ACTIVO'),
(4506, '2018-12-22', '14:00:00', '16:00:00', 1, 'ACTIVO'),
(4507, '2018-12-22', '16:00:00', '18:00:00', 1, 'ACTIVO'),
(4508, '2018-12-22', '18:00:00', '20:00:00', 1, 'ACTIVO'),
(4509, '2018-12-22', '20:00:00', '22:00:00', 1, 'ACTIVO'),
(4510, '2018-12-23', '07:00:00', '09:00:00', 1, 'ACTIVO'),
(4511, '2018-12-23', '09:00:00', '11:00:00', 1, 'ACTIVO'),
(4512, '2018-12-23', '11:00:00', '13:00:00', 1, 'ACTIVO'),
(4513, '2018-12-23', '14:00:00', '16:00:00', 1, 'ACTIVO'),
(4514, '2018-12-23', '16:00:00', '18:00:00', 1, 'ACTIVO'),
(4515, '2018-12-23', '18:00:00', '20:00:00', 1, 'ACTIVO'),
(4516, '2018-12-23', '20:00:00', '22:00:00', 1, 'ACTIVO'),
(4517, '2018-12-24', '07:00:00', '09:00:00', 1, 'ACTIVO'),
(4518, '2018-12-24', '09:00:00', '11:00:00', 1, 'ACTIVO'),
(4519, '2018-12-24', '11:00:00', '13:00:00', 1, 'ACTIVO'),
(4520, '2018-12-24', '14:00:00', '16:00:00', 1, 'ACTIVO'),
(4521, '2018-12-24', '16:00:00', '18:00:00', 1, 'ACTIVO'),
(4522, '2018-12-24', '18:00:00', '20:00:00', 1, 'ACTIVO'),
(4523, '2018-12-24', '20:00:00', '22:00:00', 1, 'ACTIVO'),
(4524, '2018-12-25', '07:00:00', '09:00:00', 1, 'ACTIVO'),
(4525, '2018-12-25', '09:00:00', '11:00:00', 1, 'ACTIVO'),
(4526, '2018-12-25', '11:00:00', '13:00:00', 1, 'ACTIVO'),
(4527, '2018-12-25', '14:00:00', '16:00:00', 1, 'ACTIVO'),
(4528, '2018-12-25', '16:00:00', '18:00:00', 1, 'ACTIVO'),
(4529, '2018-12-25', '18:00:00', '20:00:00', 1, 'ACTIVO'),
(4530, '2018-12-25', '20:00:00', '22:00:00', 1, 'ACTIVO'),
(4531, '2018-12-26', '07:00:00', '09:00:00', 1, 'ACTIVO'),
(4532, '2018-12-26', '09:00:00', '11:00:00', 1, 'ACTIVO'),
(4533, '2018-12-26', '11:00:00', '13:00:00', 1, 'ACTIVO'),
(4534, '2018-12-26', '14:00:00', '16:00:00', 1, 'ACTIVO'),
(4535, '2018-12-26', '16:00:00', '18:00:00', 1, 'ACTIVO'),
(4536, '2018-12-26', '18:00:00', '20:00:00', 1, 'ACTIVO'),
(4537, '2018-12-26', '20:00:00', '22:00:00', 1, 'ACTIVO'),
(4538, '2018-12-27', '07:00:00', '09:00:00', 1, 'ACTIVO'),
(4539, '2018-12-27', '09:00:00', '11:00:00', 1, 'ACTIVO'),
(4540, '2018-12-27', '11:00:00', '13:00:00', 1, 'ACTIVO'),
(4541, '2018-12-27', '14:00:00', '16:00:00', 1, 'ACTIVO'),
(4542, '2018-12-27', '16:00:00', '18:00:00', 1, 'ACTIVO'),
(4543, '2018-12-27', '18:00:00', '20:00:00', 1, 'ACTIVO'),
(4544, '2018-12-27', '20:00:00', '22:00:00', 1, 'ACTIVO'),
(4545, '2018-12-28', '07:00:00', '09:00:00', 1, 'ACTIVO'),
(4546, '2018-12-28', '09:00:00', '11:00:00', 1, 'ACTIVO'),
(4547, '2018-12-28', '11:00:00', '13:00:00', 1, 'ACTIVO'),
(4548, '2018-12-28', '14:00:00', '16:00:00', 1, 'ACTIVO'),
(4549, '2018-12-28', '16:00:00', '18:00:00', 1, 'ACTIVO'),
(4550, '2018-12-28', '18:00:00', '20:00:00', 1, 'ACTIVO'),
(4551, '2018-12-28', '20:00:00', '22:00:00', 1, 'ACTIVO'),
(4552, '2018-12-29', '07:00:00', '09:00:00', 1, 'ACTIVO'),
(4553, '2018-12-29', '09:00:00', '11:00:00', 1, 'ACTIVO'),
(4554, '2018-12-29', '11:00:00', '13:00:00', 1, 'ACTIVO'),
(4555, '2018-12-29', '14:00:00', '16:00:00', 1, 'ACTIVO'),
(4556, '2018-12-29', '16:00:00', '18:00:00', 1, 'ACTIVO'),
(4557, '2018-12-29', '18:00:00', '20:00:00', 1, 'ACTIVO'),
(4558, '2018-12-29', '20:00:00', '22:00:00', 1, 'ACTIVO'),
(4559, '2018-12-30', '07:00:00', '09:00:00', 1, 'ACTIVO'),
(4560, '2018-12-30', '09:00:00', '11:00:00', 1, 'ACTIVO'),
(4561, '2018-12-30', '11:00:00', '13:00:00', 1, 'ACTIVO'),
(4562, '2018-12-30', '14:00:00', '16:00:00', 1, 'ACTIVO'),
(4563, '2018-12-30', '16:00:00', '18:00:00', 1, 'ACTIVO'),
(4564, '2018-12-30', '18:00:00', '20:00:00', 1, 'ACTIVO'),
(4565, '2018-12-30', '20:00:00', '22:00:00', 1, 'ACTIVO'),
(4566, '2018-12-31', '07:00:00', '09:00:00', 1, 'ACTIVO'),
(4567, '2018-12-31', '09:00:00', '11:00:00', 1, 'ACTIVO'),
(4568, '2018-12-31', '11:00:00', '13:00:00', 1, 'ACTIVO'),
(4569, '2018-12-31', '14:00:00', '16:00:00', 1, 'ACTIVO'),
(4570, '2018-12-31', '16:00:00', '18:00:00', 1, 'ACTIVO'),
(4571, '2018-12-31', '18:00:00', '20:00:00', 1, 'ACTIVO'),
(4572, '2018-12-31', '20:00:00', '22:00:00', 1, 'ACTIVO'),
(4573, '2018-07-18', '09:00:00', '10:00:00', 1, 'INACTIVO');

--
-- Disparadores `disponibilidad_laboratorio`
--
DELIMITER $$
CREATE TRIGGER `validacionInsert` BEFORE INSERT ON `disponibilidad_laboratorio` FOR EACH ROW BEGIN 

 IF (SELECT Count(*) FROM disponibilidad_laboratorio WHERE fecha=NEW.fecha AND bloque_ini=NEW.bloque_ini AND id_laboratorio=NEW.id_laboratorio)>0
THEN

  SET @mesage= concat('el bloque ya existe fecha :',new.fecha,' bloque inicio :',NEW.bloque_ini, ' laboratorio :',(SELECT nombre_laboratorio FROM laboratorios where id_laboratorio=NEW.id_laboratorio) );
 SIGNAL SQLSTATE '45000'
 
  SET MESSAGE_TEXT = @mesage;
  
  ELSE
  
  SET NEW.bloque_fin=ADDTIME(NEW.bloque_ini, '02:00:00');
  
END IF;
 
END
$$
DELIMITER ;

-- --------------------------------------------------------

--
-- Estructura de tabla para la tabla `facultades`
--

CREATE TABLE `facultades` (
  `id_facultad` int(12) NOT NULL,
  `nombre_facultad` varchar(100) COLLATE utf8_spanish_ci NOT NULL
) ENGINE=InnoDB DEFAULT CHARSET=utf8 COLLATE=utf8_spanish_ci;

--
-- Volcado de datos para la tabla `facultades`
--

INSERT INTO `facultades` (`id_facultad`, `nombre_facultad`) VALUES
(1, 'INGENIERÍA'),
(2, 'SALUD'),
(3, 'CIENCIAS ECONÓMICAS Y ADMINISTRATIVAS'),
(4, 'ARTES'),
(5, 'EDUCACIÓN CIENCIAS HUMANAS Y SOCIALES'),
(7, 'CIENCIAS BASICAS');

-- --------------------------------------------------------

--
-- Estructura de tabla para la tabla `huellas`
--

CREATE TABLE `huellas` (
  `id_persona` int(12) NOT NULL,
  `huella` blob NOT NULL,
  `tamaño` int(200) NOT NULL
) ENGINE=InnoDB DEFAULT CHARSET=utf8 COLLATE=utf8_spanish_ci;

--
-- Volcado de datos para la tabla `huellas`
--

INSERT INTO `huellas` (`id_persona`, `huella`, `tamaño`) VALUES
(666, 0x450f8c0ea64a53421140f109881341f05d0e2783a0a88f01c3b00e8c0944516b8a1f06c0b10c0886d018090ac7b16e0b084b411d870b4b506f8a28cb7194861e4c503d1001cc91780c064c907b05064df07883ffffff6b6e717606ffffffffffff686b6f73020711ffffffff60646b717603071419ffff5d5d616b72760306131a1d1d5b5e636b7176020612181c1c595d62697074010615191c1d57595f676e747706161a1f2056575c636c727707181d222354565b60697101081921272853565b5e6670010a1c252a2d5153585c646f020c21282c2e4a4b52565e6d0518292d31324b4e52555d6c081f2c2f34ffff5051545b6a0e232e32ffff000000000000000000000000000000000000000000000000000000000000000000000000000000000000000000000000000000000000000000000000000000000000000000000000000000000000000000000000000000000000000000000000000000000000000000000000000000000000000000000000000000000000000000000000000000000000000000000000000000000000000000000000000000000000000000000000000000000000000000000000000000000000000000000000000000000000000000000000000000000000000000000000000000000000000000000000000000000000000000000000000000000000000000000000000000000000000000, 251),
(1012, 0x45128d10934a534220c191658b1184416a09278531b38c17c5f16508298601b18719c6810a0a2186c1648511c9917285268a005306244a800c8920caf15f910b0bd11b87134be01d09068c01781c0dcdb1208a148f017f0a22cf612c1831cfa13385ffffffffff6468696effffffffffffffff6165696d7175ffffffffffffff61646a6f737601ffffffffffff64666c7175770304ffffff585e676a6c6f73770303ffffff5c5f65686b6e70750103ffff535c5e62666a6e7275010208ff535b5c5f63696f7377020308ff525b5b5d616770750204060a394858595c6165707505070bff354055585d60616c760507ffff353b4b555b5e5f697607ffffffffff464a51555961720c202bffffffff484b50545b671f272dffffffff494b4d4d4d40313133ffffffffff4c4b4a453b363637ff0000000000000000000000000000000000000000000000000000000000000000000000000000000000000000000000000000000000000000000000000000000000000000000000000000000000000000000000000000000000000000000000000000000000000000000000000000000000000000000000000000000000000000000000000000000000000000000000000000000000000000000000000000000000000000000000000000000000000000000000000000000000000000000000000000000000000000000000000000, 306),
(6666, 0x45188e0f974a53421c4181ae86128230018619027051891bc411aa0a1904b154891585514c861745f1a40a254681a5871686a1b2061d86a1aa851946f0530731c711a58f04473166902707414d060f477102852308315008068a516e07118aa1030f284d113d8a01cd3121872e4d403e860d0d611d0d18cd810a98174e01639cffffffffff050509ffffffffffffffffffff0204060b1218ffffffffffffff770205090d1113ffffffffffff75760103080d111212ffffffff6b74770305090d111312131affff6874010206080c0f12121216ff5f6673760104070a0d10111115ff5e647275770306090c0f111214ff5c606e740105080a0f121416181f585c6b730205070b121517191c215558666f7604080e1518191b1f235255606872020810171a1b1d2229444a575d657309151d212323262b3a404f59627108151d23262627ffff3b4756627108141d252827ffff000000000000000000000000000000000000000000000000000000000000000000000000000000000000000000000000000000000000000000000000000000000000000000000000000000000000000000000000000000000000000000000000000000000000000000000000000000000000000000000000000000000000000000000000000000000000000000000000000000000000000000000000000000000000000000000000000000000000, 338),
(10123, 0x45168e0f9a4a53421c4131b00a254191520915026162871cc2d0000416c3215b0311837005850704510f892f45b040882945f1a58c1f0741ac870e07f1640a13886106050e0941670c344a009785174a115c07244a51a68e36cb303c85174b91570c0e4c116a8e020da07c0d260de0390c170e115911ffffffff757501050809ffffffffffffff73757502050a0c10ffffffffffff7475760104090e11ffffffffff6a73757702050a0f141affffffff656f737704060a10161b1c1fff5e656e737704070b10171f2021ff5f656e747704070b1017212323585f636d747703060c1219232525575d616c737602070d151b232627535b5e6a727603080f171d23252650565b697176060b12191f2424264d5357677177070e151b21252526464c546170020b171f24292b2d2f3f46525f6f030f1922262c2c2d2fffff4f5d6c05141b252c2e2c2dff00000000000000000000000000000000000000000000000000000000000000000000000000000000000000000000000000000000000000000000000000000000000000000000000000000000000000000000000000000000000000000000000000000000000000000000000000000000000000000000000000000000000000000000000000000000000000000000000000000000000000000000000000000000000000000000000000000000000000000000000000000000, 328),
(798082331, 0x451c0f13994a53421d40b1b28515416161891fc231af882a8461aa0a0a448011871c0510588c324540a58d0c85e069881306410e0330c6a04c86388730a58e258760af860cc7b1698522481054841c4960070a1d0af15c90210b90000a1acc0014143b0c30a00a16cd907308230d91010a1b0f406e0d19d041118a2bd0619f09135080179315d080181421d0c04f240791a07386fffffe00112ffffffffde00112fffffffdde001123ffffffddde011233fffffddde011233ffffccdde0111233ffcccdde0112223ffcccdde00123334fcccdde00123333fccccde01123334fbcccdd01123344bbbcccde1123344bbbbbcce1123334bbbbbbbd0123434bbbcbbbc0234444bbbccccb0334445fbabcbbb2344444faabbaaa4344444ffaaaafff44444f00000000000000000000000000000000000000000000000000000000000000000000000000000000000000000000000000000000000000000000000000000000000000000000000000000000000000000000000000000000000000000000000000000000000000000000000000000000000000000000000000000000000000000000000000000000000000000000000000000000000000000000000000000000000000000000000000000000000000000000000000000000000000000000000000000000000000000000000000000000000000000000000000000000000, 291);

-- --------------------------------------------------------

--
-- Estructura de tabla para la tabla `laboratorios`
--

CREATE TABLE `laboratorios` (
  `id_laboratorio` int(12) NOT NULL,
  `nombre_laboratorio` varchar(50) COLLATE utf8_spanish_ci NOT NULL,
  `cantidad_estudiantes` int(10) NOT NULL
) ENGINE=InnoDB DEFAULT CHARSET=utf8 COLLATE=utf8_spanish_ci;

--
-- Volcado de datos para la tabla `laboratorios`
--

INSERT INTO `laboratorios` (`id_laboratorio`, `nombre_laboratorio`, `cantidad_estudiantes`) VALUES
(1, 'INFORMATICA', 40),
(2, 'ELECTRONICA', 25),
(3, 'A411 - SISTEMAS OPERATIVOS', 25),
(4, 'A413 - MODELAMIENTO', 25),
(5, 'A412 - CAD', 25);

-- --------------------------------------------------------

--
-- Estructura de tabla para la tabla `materias`
--

CREATE TABLE `materias` (
  `id_materia` int(12) NOT NULL,
  `nombre_materia` varchar(100) COLLATE utf8_spanish_ci NOT NULL,
  `id_unidad` int(12) NOT NULL
) ENGINE=InnoDB DEFAULT CHARSET=utf8 COLLATE=utf8_spanish_ci;

--
-- Volcado de datos para la tabla `materias`
--

INSERT INTO `materias` (`id_materia`, `nombre_materia`, `id_unidad`) VALUES
(1, 'LÓGICA DE PROGRAMACIÓN', 1),
(2, 'PROGRAMACIÓN ORIENTADA A OBJETOS', 1),
(3, 'ESTRUCTURAS DE DATOS', 1),
(4, 'SISTEMAS OPERATIVOS', 1),
(5, 'INTELIGENCIA ARTIFICIAL', 1),
(6, 'PRODUCCION', 5),
(7, 'EXPRESIÓN GRÁFICA', 5),
(8, 'CARTOGRAFIA', 6),
(9, 'SISTEMAS TRANSACCIONALES ', 1),
(10, 'GERENCIA DE PROYECTOS', 1),
(11, 'INFRAESTRUCTURA TECNOLOGICA 2', 1),
(12, 'COMPUTACION GRAFICA ', 1),
(13, 'SISTEMAS TRANSACCIONALES ', 1),
(14, 'INGENIERIA WEB 2 ', 1),
(15, 'PATRONES Y METODOLOGIA DE SOFWTARE ', 1),
(16, 'MODELOS Y SIMULACION ', 5),
(17, 'PROCESOS INDUSTRIALES ', 5),
(18, 'SEGURIDAD EN EL TRABAJO ', 5),
(19, 'DISEÑO DE PRODUCTOS ', 5),
(20, 'EXPRESION GRAFICA ', 5),
(21, 'MODELAMIENTO ESTOCASTICO ', 5),
(22, 'FORMULACION Y EVALUACION DE PROYECTOS ', 5),
(23, 'MEDIOS DE TRANSMISION ', 3),
(24, 'CONSERVACION DE CUENCAS ', 6),
(25, 'HIDROLOGIA ', 6),
(26, 'PROCESAMIENTO DIGITAL DE IMAGENES ', 7),
(27, 'SIMULACION COMPUTACIONAL ', 7),
(28, 'TALLER BASICO DE CINE ANIMADO', 22),
(29, 'PRODUCCION DE CINE ANIMADO', 22),
(30, 'INFORMATICA APLICADA A LA INV CRIMINAL ', 27);

--
-- Disparadores `materias`
--
DELIMITER $$
CREATE TRIGGER `nombreMayuscula` BEFORE INSERT ON `materias` FOR EACH ROW BEGIN

  SET NEW.nombre_materia = UPPER(NEW.nombre_materia);

  
END
$$
DELIMITER ;
DELIMITER $$
CREATE TRIGGER `nombreMayusculaUpdate` BEFORE UPDATE ON `materias` FOR EACH ROW BEGIN

  SET NEW.nombre_materia = UPPER(NEW.nombre_materia);

  
END
$$
DELIMITER ;

-- --------------------------------------------------------

--
-- Estructura de tabla para la tabla `personas`
--

CREATE TABLE `personas` (
  `id_persona` int(12) NOT NULL,
  `password` varchar(50) COLLATE utf8_spanish_ci NOT NULL,
  `nombre_persona` varchar(200) COLLATE utf8_spanish_ci NOT NULL,
  `id_unidad` int(12) DEFAULT NULL,
  `id_rol` int(12) NOT NULL,
  `id_tipo_cargo` int(12) DEFAULT NULL
) ENGINE=InnoDB DEFAULT CHARSET=utf8 COLLATE=utf8_spanish_ci;

--
-- Volcado de datos para la tabla `personas`
--

INSERT INTO `personas` (`id_persona`, `password`, `nombre_persona`, `id_unidad`, `id_rol`, `id_tipo_cargo`) VALUES
(333, '3msbfB5kMWM=', 'FELIPINO HERNANDEZ ', 1, 4, NULL),
(666, 'XSFfWL44Rpjo5R3wHeoDPQ==', 'GUILLERMO', 1, 1, NULL),
(1012, 'BMIMDSAodQ3o5R3wHeoDPQ==', 'FELIPE CHAUX', 1, 3, NULL),
(6666, 'qleXhoKolcs=', 'JOSUE', 1, 3, NULL),
(10123, 'BMIMDSAodQ3o5R3wHeoDPQ==', 'ANTONIO', 1, 1, NULL),
(798082331, 'UOn7u8QUHI8=', 'EDGAR CIFUENTES', 1, 2, NULL);

--
-- Disparadores `personas`
--
DELIMITER $$
CREATE TRIGGER `nombrePersonaMayuscula` BEFORE INSERT ON `personas` FOR EACH ROW BEGIN
  SET NEW.nombre_persona = UPPER(NEW.nombre_persona);
  
END
$$
DELIMITER ;
DELIMITER $$
CREATE TRIGGER `validarPassword` BEFORE UPDATE ON `personas` FOR EACH ROW BEGIN

SET NEW.nombre_persona=UPPER(NEW.nombre_persona);

IF NEW.password IS NULL
THEN
 SET NEW.password=(SELECT password FROM personas WHERE id_persona=NEW.id_persona);

END IF;
  
END
$$
DELIMITER ;

-- --------------------------------------------------------

--
-- Estructura de tabla para la tabla `reservas`
--

CREATE TABLE `reservas` (
  `id_reserva` int(12) NOT NULL,
  `id_persona` int(12) NOT NULL,
  `id_disponibilidad` int(12) NOT NULL,
  `reposicion` varchar(2) COLLATE utf8_spanish_ci NOT NULL,
  `id_materia` int(12) NOT NULL
) ENGINE=InnoDB DEFAULT CHARSET=utf8 COLLATE=utf8_spanish_ci;

--
-- Volcado de datos para la tabla `reservas`
--

INSERT INTO `reservas` (`id_reserva`, `id_persona`, `id_disponibilidad`, `reposicion`, `id_materia`) VALUES
(9, 10123, 55, 'NO', 1),
(10, 10123, 4573, 'NO', 1);

--
-- Disparadores `reservas`
--
DELIMITER $$
CREATE TRIGGER `actualizarEstadoDisponibilidad` AFTER INSERT ON `reservas` FOR EACH ROW BEGIN

  UPDATE disponibilidad_laboratorio d SET d.estado='INACTIVO'
  WHERE d.id_disponibilidad=NEW.id_disponibilidad;
  
END
$$
DELIMITER ;

-- --------------------------------------------------------

--
-- Estructura de tabla para la tabla `roles`
--

CREATE TABLE `roles` (
  `id_rol` int(12) NOT NULL,
  `nombre_rol` varchar(50) COLLATE utf8_spanish_ci NOT NULL
) ENGINE=InnoDB DEFAULT CHARSET=utf8 COLLATE=utf8_spanish_ci;

--
-- Volcado de datos para la tabla `roles`
--

INSERT INTO `roles` (`id_rol`, `nombre_rol`) VALUES
(1, 'DOCENTE'),
(2, 'COORDINADOR'),
(3, 'DIRECTOR'),
(4, 'AUXILIAR DE LABORATORIO');

-- --------------------------------------------------------

--
-- Estructura de tabla para la tabla `servicios_tecnologicos`
--

CREATE TABLE `servicios_tecnologicos` (
  `id_servicio` int(12) NOT NULL,
  `nombre_servicio` varchar(100) COLLATE utf8_spanish_ci NOT NULL,
  `cantidad` int(10) NOT NULL,
  `descripcion` varchar(200) COLLATE utf8_spanish_ci DEFAULT NULL,
  `id_laboratorio` int(12) NOT NULL,
  `tipo_servicio` varchar(10) COLLATE utf8_spanish_ci NOT NULL
) ENGINE=InnoDB DEFAULT CHARSET=utf8 COLLATE=utf8_spanish_ci;

--
-- Volcado de datos para la tabla `servicios_tecnologicos`
--

INSERT INTO `servicios_tecnologicos` (`id_servicio`, `nombre_servicio`, `cantidad`, `descripcion`, `id_laboratorio`, `tipo_servicio`) VALUES
(1, 'NETBEANS', 2, 'SOFTWARE', 1, 'SOFTWARE'),
(2, 'ARDUINO', 5, 'HARDWARE', 2, 'HARDWARE'),
(4, 'WINDOWS 100 PROFESSIONAL  64 BITS', 9, 'PARA INGENIERIA DE SOFTWARE', 3, 'SOFTWARE'),
(5, 'MQUINA VIRTUAL WINDOWS SERVER 2016', 1, '', 3, 'SOFTWARE'),
(6, 'MAQUINA VIRTUAL UBUNTU SEVER 17-10', 1, '', 3, 'SOFTWARE'),
(7, 'ADOBE ACROBAT READER DC', 1, '', 3, 'SOFTWARE'),
(8, 'ARGOUML 0.34', 1, '', 3, 'SOFTWARE'),
(9, 'AUTOCAD  2017', 1, '', 3, 'SOFTWARE'),
(10, 'BITDEFENDER ', 1, '', 3, 'SOFTWARE'),
(11, 'CMAPTOOLS 6,02', 1, '', 3, 'SOFTWARE'),
(12, 'DEEP FREEZE8.51', 1, '', 3, 'SOFTWARE'),
(13, 'ECLIPSE  OXIGEN', 1, '', 3, 'SOFTWARE'),
(14, 'ENTERPRISE ARCHITECT VERSION 13.5', 1, '', 3, 'SOFTWARE'),
(15, 'FTK IMAGER 3.2', 1, '', 3, 'SOFTWARE'),
(16, 'GOOGLE CHROME ', 1, '', 3, 'SOFTWARE'),
(17, 'INVENTOR 2017', 1, '', 3, 'SOFTWARE'),
(18, 'MICROSOFT OFFICE 2016', 1, '', 3, 'SOFTWARE'),
(19, 'MOZILLA FIREFOX ', 1, '', 3, 'SOFTWARE'),
(20, 'MOZILLA FIREWORKS', 1, '', 3, 'SOFTWARE'),
(21, 'NETBEANS 8.2', 1, '', 3, 'SOFTWARE'),
(22, 'ORACLE  12C', 1, '', 3, 'SOFTWARE'),
(23, 'PROJECT 2016', 1, '', 3, 'SOFTWARE'),
(24, 'ROXIO ', 1, '', 3, 'SOFTWARE'),
(25, 'SQL SERVER ENTERPRISE 2017', 1, '', 3, 'SOFTWARE'),
(26, 'TIGHTVNC V 2,8,8', 1, '', 3, 'SOFTWARE'),
(27, 'TORTOISE 1,9,7', 1, '', 3, 'SOFTWARE'),
(28, 'VIRTUAL BOX   5.2,0,1', 1, '', 3, 'SOFTWARE'),
(29, 'VISIO 2016', 1, '', 3, 'SOFTWARE'),
(30, 'VISUAL STUDIO 2017 CON WINDOWS PHONE', 1, '', 3, 'SOFTWARE'),
(31, 'WINRAR 5.50', 1, '', 3, 'SOFTWARE'),
(32, 'WIRELESS TOOLKIT 2.5.2', 1, '', 3, 'SOFTWARE'),
(33, 'PSPAD 5.0.0 ', 1, '', 3, 'SOFTWARE'),
(34, 'ANACONDA 5.0.1', 1, '', 3, 'SOFTWARE'),
(35, 'ALICE 3.3.1', 1, '', 3, 'SOFTWARE'),
(36, 'PACKET TRACER  7.1', 1, '', 3, 'SOFTWARE'),
(37, 'CHOTCUT  17.11', 1, '', 3, 'SOFTWARE'),
(38, 'AVIDEMUX  2.7 (EDITOR DE VIDEO)', 1, '', 3, 'SOFTWARE'),
(39, '3DMAX 2018', 1, '', 3, 'SOFTWARE'),
(40, 'WINDOWS 10 PROFESSIONAL  64 BITS', 1, 'TODOS LOS EQUIPOS', 4, 'SOFTWARE'),
(41, 'MAQUINA VIRTUAL WINDOWS 7 X32 WINQSB ', 1, '', 4, 'SOFTWARE'),
(42, 'ADOBE ACROBAT READER DC', 1, '', 4, 'SOFTWARE'),
(43, 'ALICE 3.3.1', 1, '', 4, 'SOFTWARE'),
(44, 'BITDEFENDER ', 1, '', 4, 'SOFTWARE'),
(45, 'BLENDER 2,79', 1, '', 4, 'SOFTWARE'),
(46, 'CMAPTOOLS  6,02', 1, '', 4, 'SOFTWARE'),
(47, 'DEEP FREEZE8.51', 1, '', 4, 'SOFTWARE'),
(48, 'DEV C++ 5,1', 1, '', 4, 'SOFTWARE'),
(49, 'ECLIPSE  OXIGEN', 1, '', 4, 'SOFTWARE'),
(50, 'FLEXSIM 2017, 12,3', 1, '', 4, 'SOFTWARE'),
(51, 'GOOGLE EARTH PRO 7,0', 1, '', 4, 'SOFTWARE'),
(53, 'HEC HMS 4.2,1', 1, '', 4, 'SOFTWARE'),
(54, 'HEC RAS 5.0.3', 1, '', 4, 'SOFTWARE'),
(55, 'JCREATOR 5.0,0', 1, '', 4, 'SOFTWARE'),
(56, 'MATLAB R2017B', 1, '', 4, 'SOFTWARE'),
(57, 'MICROSOFT OFFICE 2016', 1, '', 4, 'SOFTWARE'),
(58, 'MOZILLA FIREFOX', 1, '', 4, 'SOFTWARE'),
(59, 'NETBEANS   8,2', 1, '', 4, 'SOFTWARE'),
(60, 'PHABSIM V.1.5.1', 1, '', 4, 'SOFTWARE'),
(61, 'PLUGIN DE ECLIPSE PARA ANDROID DEBIDAMENTE CONFIGURADO ', 1, '', 4, 'SOFTWARE'),
(62, 'PROJECT 2016', 1, '', 4, 'SOFTWARE'),
(63, 'PSEINT 20170523', 1, '', 4, 'SOFTWARE'),
(64, 'Q2KV2_12B1', 1, '', 4, 'SOFTWARE'),
(65, 'R 3,4,2', 1, '', 4, 'SOFTWARE'),
(66, 'ROXIO 10', 1, '', 4, 'SOFTWARE'),
(67, 'SPSS 25', 1, '', 4, 'SOFTWARE'),
(68, 'SQL SERVER ENTERPRISE 2017', 1, '', 4, 'SOFTWARE'),
(69, 'TIGHTVNC V2,8,8', 1, '', 4, 'SOFTWARE'),
(70, 'UNITY  PRO 2017.2.0', 1, '', 4, 'SOFTWARE'),
(71, 'VENSIMPLE 7,0', 1, '', 4, 'SOFTWARE'),
(72, 'VISIO 2016', 1, '', 4, 'SOFTWARE'),
(73, 'VISUAL STUDIO 2017 CON WINDOWS PHONE', 1, '', 4, 'SOFTWARE'),
(74, 'WINIQSIM  4,4', 1, '', 4, 'SOFTWARE'),
(75, 'WINRAR 5.50', 1, '', 4, 'SOFTWARE'),
(76, 'WIRELESS TOOLKIT 2.5.2', 1, '', 4, 'SOFTWARE'),
(77, 'ANACONDA 5.0.1', 1, '', 4, 'SOFTWARE'),
(78, 'TEXTMAKER', 1, '', 4, 'SOFTWARE'),
(79, 'BASIC  MIKTEX', 1, '', 4, 'SOFTWARE'),
(80, 'CHOTCUT  17.11', 1, '', 4, 'SOFTWARE'),
(81, 'AVIDEMUX  2.7 (EDITOR DE VIDEO)', 1, '', 4, 'SOFTWARE'),
(82, 'WINDOWS 10 PROFESSIONAL  64 BITS', 1, '', 5, 'SOFTWARE'),
(83, '3D MAX 2018', 1, '', 5, 'SOFTWARE'),
(84, 'ADOBE ACROBAT READER DC', 1, '', 5, 'SOFTWARE'),
(85, 'ALICE 3.3.1', 1, '', 5, 'SOFTWARE'),
(86, 'ARCGIS 10.5,1', 1, '', 5, 'SOFTWARE'),
(87, 'AUTOCAD 2018', 1, '', 5, 'SOFTWARE'),
(88, 'BITDEFENDER ', 1, '', 5, 'SOFTWARE'),
(89, 'CMAPTOOLS 6,02', 1, '', 5, 'SOFTWARE'),
(90, 'DEEP FREEZE8.51', 1, '', 5, 'SOFTWARE'),
(91, 'DFD  1.1', 1, '', 5, 'SOFTWARE'),
(92, 'ECLIPSE  OXIGEN', 1, '', 5, 'SOFTWARE'),
(93, 'SWMM 5,1,012', 1, '', 5, 'SOFTWARE'),
(94, 'EPANET  2.0.12', 1, '', 5, 'SOFTWARE'),
(95, 'EPI INFO 7.2', 1, '', 5, 'SOFTWARE'),
(96, 'GOOGLE CHROME ', 1, '', 5, 'SOFTWARE'),
(97, 'GOOGLE EARTH PRO 7,0', 1, '', 5, 'SOFTWARE'),
(98, 'HEC GEOHMS 10,2', 1, '', 5, 'SOFTWARE'),
(99, 'HEC HMS 4.2,1', 1, '', 5, 'SOFTWARE'),
(100, 'HEC RAS 5.0.3', 1, '', 5, 'SOFTWARE'),
(101, 'HECGEORAS 10,2', 1, '', 5, 'SOFTWARE'),
(102, 'ILWIS 3,3', 1, '', 5, 'SOFTWARE'),
(103, 'INVENTOR 2018', 1, '', 5, 'SOFTWARE'),
(104, 'MICROSOFT OFFICE 2016', 1, '', 5, 'SOFTWARE'),
(105, 'MOZILLA FIREFOX ', 1, '', 5, 'SOFTWARE'),
(106, 'MUDBOX 2018', 1, '', 5, 'SOFTWARE'),
(107, 'NETBEANS   8,2', 1, '', 5, 'SOFTWARE'),
(108, 'NVIVO 11', 1, '', 5, 'SOFTWARE'),
(109, 'PHABSIM V.1.5.1', 1, '', 5, 'SOFTWARE'),
(110, 'PROJECT 2016', 1, '', 5, 'SOFTWARE'),
(111, 'PSEINT 20170523', 1, '', 5, 'SOFTWARE'),
(112, 'Q2KV2_12B1', 1, '', 5, 'SOFTWARE'),
(113, 'ROXIO 10', 1, '', 5, 'SOFTWARE'),
(114, 'SEDAL PLUS 19.50', 1, '', 5, 'SOFTWARE'),
(115, 'TIGHTVNC V 2,8,8', 1, '', 5, 'SOFTWARE'),
(116, 'VISIO 2016', 1, '', 5, 'SOFTWARE'),
(117, 'WINRAR 5.50', 1, '', 5, 'SOFTWARE'),
(118, '7-ZIP 16.04', 1, '', 5, 'SOFTWARE'),
(119, 'HEC HMS 4.0', 1, '', 5, 'SOFTWARE'),
(120, 'ANACONDA 5.0.1', 1, '', 5, 'SOFTWARE'),
(121, 'HEC RAS  4.0', 1, '', 5, 'SOFTWARE'),
(122, 'CHOTCUT  17.11', 1, '', 5, 'SOFTWARE'),
(123, 'AVIDEMUX  2.7 (EDITOR DE VIDEO)', 1, '', 5, 'SOFTWARE'),
(127, 'WINRAR', 1, '', 1, 'SOFTWARE'),
(128, 'SERVIDOR XLS', 1, '', 3, 'HARDWARE');

--
-- Disparadores `servicios_tecnologicos`
--
DELIMITER $$
CREATE TRIGGER `nombresMayuscula` BEFORE INSERT ON `servicios_tecnologicos` FOR EACH ROW BEGIN

  SET NEW.nombre_servicio = UPPER(NEW.nombre_servicio);
  SET NEW.descripcion=UPPER(NEW.descripcion);
  
END
$$
DELIMITER ;
DELIMITER $$
CREATE TRIGGER `nombresMayusculaUpdate` BEFORE UPDATE ON `servicios_tecnologicos` FOR EACH ROW BEGIN

  SET NEW.nombre_servicio = UPPER(NEW.nombre_servicio);
  SET NEW.descripcion=UPPER(NEW.descripcion);
  
END
$$
DELIMITER ;

-- --------------------------------------------------------

--
-- Estructura de tabla para la tabla `unidad_academica`
--

CREATE TABLE `unidad_academica` (
  `id_unidad` int(12) NOT NULL,
  `nombre_unidad` varchar(100) COLLATE utf8_spanish_ci NOT NULL,
  `id_facultad` int(12) NOT NULL,
  `tipo_programa` varchar(20) COLLATE utf8_spanish_ci NOT NULL
) ENGINE=InnoDB DEFAULT CHARSET=utf8 COLLATE=utf8_spanish_ci;

--
-- Volcado de datos para la tabla `unidad_academica`
--

INSERT INTO `unidad_academica` (`id_unidad`, `nombre_unidad`, `id_facultad`, `tipo_programa`) VALUES
(1, 'INGENIERIA DE SOFTWARE', 1, 'PREGRADO'),
(3, 'INGENIERIA ELECTRONICA', 1, 'PREGRADO'),
(5, 'INGENIERÍA INDUSTRIAL', 1, 'PREGRADO'),
(6, 'INGENIERÍA AMBIENTAL', 1, 'PREGRADO'),
(7, 'INGENIERÍA BIOMEDICA', 1, 'PREGRADO'),
(8, 'ENFERMERIA', 2, 'PREGRADO'),
(9, 'DERECHO', 5, 'PREGRADO'),
(10, 'MAESTRÍA EN BIOESTADISTICA', 7, 'MAESTRIA'),
(11, 'MAESTRÍA EN NEUROREHABILITACION', 2, 'MAESTRIA'),
(12, 'ESPECIALIZACIÓN EN INVESTIGACION CRIMINAL', 5, 'ESPECIALIZACION'),
(22, 'DIRECCIÓN Y PRODUCCIÓN DE CINE Y TELEVISIÓN', 4, 'PREGRADO'),
(27, 'TECNOLOGÍA EN INVESTIGACIÓN CRIMINAL', 5, 'TECNOLOGIA');

--
-- Índices para tablas volcadas
--

--
-- Indices de la tabla `control_prestamo`
--
ALTER TABLE `control_prestamo`
  ADD PRIMARY KEY (`id_control_prestamo`),
  ADD KEY `id_reserva` (`id_reserva`),
  ADD KEY `id_persona_encargada_e` (`id_persona_encargada_e`),
  ADD KEY `id_persona_encargada_s` (`id_persona_encargada_s`);

--
-- Indices de la tabla `disponibilidad_laboratorio`
--
ALTER TABLE `disponibilidad_laboratorio`
  ADD PRIMARY KEY (`id_disponibilidad`),
  ADD KEY `id_laboratorio` (`id_laboratorio`);

--
-- Indices de la tabla `facultades`
--
ALTER TABLE `facultades`
  ADD PRIMARY KEY (`id_facultad`);

--
-- Indices de la tabla `huellas`
--
ALTER TABLE `huellas`
  ADD PRIMARY KEY (`id_persona`),
  ADD KEY `id_persona` (`id_persona`);

--
-- Indices de la tabla `laboratorios`
--
ALTER TABLE `laboratorios`
  ADD PRIMARY KEY (`id_laboratorio`),
  ADD KEY `id_laboratorio` (`id_laboratorio`);

--
-- Indices de la tabla `materias`
--
ALTER TABLE `materias`
  ADD PRIMARY KEY (`id_materia`),
  ADD KEY `id_unidad` (`id_unidad`);

--
-- Indices de la tabla `personas`
--
ALTER TABLE `personas`
  ADD PRIMARY KEY (`id_persona`),
  ADD KEY `id_rol` (`id_rol`),
  ADD KEY `id_tipo_cargo` (`id_tipo_cargo`),
  ADD KEY `id_unidad` (`id_unidad`);

--
-- Indices de la tabla `reservas`
--
ALTER TABLE `reservas`
  ADD PRIMARY KEY (`id_reserva`),
  ADD KEY `id_persona` (`id_persona`),
  ADD KEY `id_disponibilidad` (`id_disponibilidad`),
  ADD KEY `id_materia` (`id_materia`);

--
-- Indices de la tabla `roles`
--
ALTER TABLE `roles`
  ADD PRIMARY KEY (`id_rol`);

--
-- Indices de la tabla `servicios_tecnologicos`
--
ALTER TABLE `servicios_tecnologicos`
  ADD PRIMARY KEY (`id_servicio`),
  ADD KEY `id_laboratorio` (`id_laboratorio`);

--
-- Indices de la tabla `unidad_academica`
--
ALTER TABLE `unidad_academica`
  ADD PRIMARY KEY (`id_unidad`),
  ADD KEY `id_facultad` (`id_facultad`);

--
-- AUTO_INCREMENT de las tablas volcadas
--

--
-- AUTO_INCREMENT de la tabla `control_prestamo`
--
ALTER TABLE `control_prestamo`
  MODIFY `id_control_prestamo` int(11) NOT NULL AUTO_INCREMENT, AUTO_INCREMENT=21;

--
-- AUTO_INCREMENT de la tabla `disponibilidad_laboratorio`
--
ALTER TABLE `disponibilidad_laboratorio`
  MODIFY `id_disponibilidad` int(11) NOT NULL AUTO_INCREMENT, AUTO_INCREMENT=4574;

--
-- AUTO_INCREMENT de la tabla `facultades`
--
ALTER TABLE `facultades`
  MODIFY `id_facultad` int(12) NOT NULL AUTO_INCREMENT, AUTO_INCREMENT=8;

--
-- AUTO_INCREMENT de la tabla `laboratorios`
--
ALTER TABLE `laboratorios`
  MODIFY `id_laboratorio` int(12) NOT NULL AUTO_INCREMENT, AUTO_INCREMENT=6;

--
-- AUTO_INCREMENT de la tabla `materias`
--
ALTER TABLE `materias`
  MODIFY `id_materia` int(12) NOT NULL AUTO_INCREMENT, AUTO_INCREMENT=31;

--
-- AUTO_INCREMENT de la tabla `reservas`
--
ALTER TABLE `reservas`
  MODIFY `id_reserva` int(12) NOT NULL AUTO_INCREMENT, AUTO_INCREMENT=11;

--
-- AUTO_INCREMENT de la tabla `roles`
--
ALTER TABLE `roles`
  MODIFY `id_rol` int(12) NOT NULL AUTO_INCREMENT, AUTO_INCREMENT=5;

--
-- AUTO_INCREMENT de la tabla `servicios_tecnologicos`
--
ALTER TABLE `servicios_tecnologicos`
  MODIFY `id_servicio` int(12) NOT NULL AUTO_INCREMENT, AUTO_INCREMENT=129;

--
-- AUTO_INCREMENT de la tabla `unidad_academica`
--
ALTER TABLE `unidad_academica`
  MODIFY `id_unidad` int(12) NOT NULL AUTO_INCREMENT, AUTO_INCREMENT=28;

--
-- Restricciones para tablas volcadas
--

--
-- Filtros para la tabla `control_prestamo`
--
ALTER TABLE `control_prestamo`
  ADD CONSTRAINT `control_prestamo_ibfk_1` FOREIGN KEY (`id_reserva`) REFERENCES `reservas` (`id_reserva`),
  ADD CONSTRAINT `control_prestamo_ibfk_2` FOREIGN KEY (`id_persona_encargada_e`) REFERENCES `personas` (`id_persona`),
  ADD CONSTRAINT `control_prestamo_ibfk_3` FOREIGN KEY (`id_persona_encargada_s`) REFERENCES `personas` (`id_persona`);

--
-- Filtros para la tabla `disponibilidad_laboratorio`
--
ALTER TABLE `disponibilidad_laboratorio`
  ADD CONSTRAINT `disponibilidad_laboratorio_ibfk_1` FOREIGN KEY (`id_laboratorio`) REFERENCES `laboratorios` (`id_laboratorio`);

--
-- Filtros para la tabla `huellas`
--
ALTER TABLE `huellas`
  ADD CONSTRAINT `huellas_ibfk_1` FOREIGN KEY (`id_persona`) REFERENCES `personas` (`id_persona`);

--
-- Filtros para la tabla `materias`
--
ALTER TABLE `materias`
  ADD CONSTRAINT `materias_ibfk_1` FOREIGN KEY (`id_unidad`) REFERENCES `unidad_academica` (`id_unidad`);

--
-- Filtros para la tabla `personas`
--
ALTER TABLE `personas`
  ADD CONSTRAINT `personas_ibfk_1` FOREIGN KEY (`id_rol`) REFERENCES `roles` (`id_rol`),
  ADD CONSTRAINT `personas_ibfk_4` FOREIGN KEY (`id_unidad`) REFERENCES `unidad_academica` (`id_unidad`);

--
-- Filtros para la tabla `reservas`
--
ALTER TABLE `reservas`
  ADD CONSTRAINT `reservas_ibfk_3` FOREIGN KEY (`id_persona`) REFERENCES `personas` (`id_persona`),
  ADD CONSTRAINT `reservas_ibfk_4` FOREIGN KEY (`id_disponibilidad`) REFERENCES `disponibilidad_laboratorio` (`id_disponibilidad`),
  ADD CONSTRAINT `reservas_ibfk_5` FOREIGN KEY (`id_materia`) REFERENCES `materias` (`id_materia`);

--
-- Filtros para la tabla `servicios_tecnologicos`
--
ALTER TABLE `servicios_tecnologicos`
  ADD CONSTRAINT `servicios_tecnologicos_ibfk_1` FOREIGN KEY (`id_laboratorio`) REFERENCES `laboratorios` (`id_laboratorio`);

--
-- Filtros para la tabla `unidad_academica`
--
ALTER TABLE `unidad_academica`
  ADD CONSTRAINT `unidad_academica_ibfk_1` FOREIGN KEY (`id_facultad`) REFERENCES `facultades` (`id_facultad`);
COMMIT;

/*!40101 SET CHARACTER_SET_CLIENT=@OLD_CHARACTER_SET_CLIENT */;
/*!40101 SET CHARACTER_SET_RESULTS=@OLD_CHARACTER_SET_RESULTS */;
/*!40101 SET COLLATION_CONNECTION=@OLD_COLLATION_CONNECTION */;
